persona_id,partido_id,cuatrienio_id
9157,145,NA
271,5,NA
280,5,NA
9158,145,NA
12701,11,NA
272,5,NA
7742,146,NA
12677,200,NA
375,2,55
1927,3,NA
12667,144,NA
294,4,NA
367,4,49
12690,145,NA
12668,11,NA
12673,11,NA
1925,12,NA
287,2,NA
2341,17,NA
12693,145,NA
278,5,NA
8294,146,NA
8128,6,NA
2225,11,NA
12708,146,NA
12711,146,NA
12678,6,NA
12715,10,NA
275,3,NA
12672,10,NA
12670,11,NA
12674,11,NA
12671,11,NA
12675,10,NA
12680,200,NA
12676,10,NA
12695,11,NA
12683,3,NA
12698,4,NA
2334,17,NA
2024,2,NA
8129,6,NA
586,74,200
488,4,138
342,2,34
829,4,2055
517,40,1946
405,91,78
389,5,65
537,2,170
336,2,1850
1033,2,512
412,74,83
619,2,1858
534,4,627
575,2,192
504,70,149
480,2,134
2224,3,1546
640,2,234
618,2,223
486,74,136
164,3,1066
371,74,53
9398,144,NA
14222,176,NA
2348,17,NA
12720,145,NA
675,4,261
2349,17,NA
13475,5,NA
795,2,348
2025,2,NA
2344,17,NA
606,4,214
12858,2,NA
14225,225,NA
9400,144,NA
2336,17,NA
1757,10,NA
9399,144,NA
274,5,NA
9162,145,NA
2026,2,NA
1140,28,923
616,2,221
354,1,545
552,2,2045
1091,2,884
861,38,394
703,2,2003
685,2,270
533,61,168
624,53,661
588,4,201
426,2,573
858,2,391
525,69,163
770,2,330
720,2,292
733,2,303
2226,2,1547
574,2,191
481,37,603
671,2,258
669,2,256
320,2,17
710,2,287
584,66,198
595,2,205
1029,96,509
1072,4,871
1111,68,902
887,4,413
878,91,404
773,2,332
468,4,125
434,74,102
949,4,804
1003,2,1995
712,2,289
14223,176,NA
1928,12,NA
1146,43,926
742,2,2008
1137,4,1338
1126,146,1865
9177,145,NA
8131,6,NA
1120,3,908
1930,12,NA
12865,2,NA
12856,2,NA
12857,2,NA
2339,17,NA
2345,17,NA
14224,176,NA
2264,5,NA
1850,12,NA
828,2,370
1118,2,907
833,77,373
890,4,416
1013,5,835
704,74,281
1116,10,905
697,69,277
1132,2,946
787,2,344
804,2,742
705,2,282
1149,2,930
1141,73,924
1041,103,844
526,29,625
1157,110,939
1112,67,903
1127,2,1866
996,2,483
924,73,792
698,79,278
1008,2,1977
946,4,453
785,2,342
1051,9,854
958,2,460
465,2,596
951,2,457
948,2,455
930,50,795
797,4,350
589,1,649
682,2,268
897,2,421
1320,35,957
520,4,160
2227,53,1549
314,9,527
13477,5,NA
977,2,471
2068,11,NA
1064,3,1537
550,68,635
1892,144,NA
13484,199,NA
2352,17,NA
14226,176,NA
13478,5,NA
13481,5,NA
13485,5,NA
14227,226,NA
1934,12,NA
14228,176,NA
13483,146,NA
1065,28,1905
2228,68,1550
1059,58,858
1000,4,485
1322,66,958
539,2,171
830,2,753
1040,2,843
636,47,670
634,40,1900
760,68,1857
546,2,175
974,2,469
774,27,333
943,37,801
602,2,209
714,4,704
620,74,2038
824,4,751
551,2,177
364,2,46
369,2,553
1160,53,942
994,2,482
1106,2,897
1069,4,869
1162,53,948
2251,2,1557
1114,2,904
1158,4,940
394,95,70
1117,1,906
513,53,620
1042,36,845
852,17,763
966,90,465
406,103,567
784,53,731
415,2,86
462,4,120
844,2,761
1128,2,915
839,2,758
695,2,276
1151,72,925
276,5,NA
845,2,380
13480,144,NA
2337,17,NA
1936,12,NA
2028,2,NA
13482,199,NA
14229,176,NA
2353,145,NA
1789,5,NA
1937,12,NA
2347,17,NA
1935,12,NA
918,4,438
1267,3,952
986,2,825
1108,35,899
1093,72,886
1124,41,928
649,9,243
1036,11,515
870,4,771
708,74,285
476,4,1861
665,4,253
502,3,613
614,73,656
1152,3,933
1131,2,945
983,74,2017
1110,2,901
2132,9,1526
892,2,418
673,4,259
848,2,382
788,74,345
859,2,1978
1103,4,896
351,4,2067
378,2,58
954,4,808
723,40,294
1130,5,917
854,2,386
835,2,756
436,11,104
838,2,376
401,51,2004
388,105,64
1098,4,891
1090,45,883
846,4,2030
775,4,334
741,2,716
1023,4,503
1046,72,849
503,85,1856
1308,5,956
961,4,812
553,4,179
902,38,425
1938,12,NA
1028,2,508
279,5,NA
2030,2,NA
13486,199,NA
13488,199,NA
9434,144,NA
1351,10,NA
1940,12,NA
2070,11,NA
13490,199,NA
14230,176,NA
13487,199,NA
1791,5,NA
9433,144,NA
9432,144,NA
1946,2,NA
1948,6,NA
2034,2,NA
1050,58,853
13496,5,NA
9448,144,NA
1953,2,NA
12873,2,NA
12719,145,NA
732,4,302
1484,10,NA
494,2,609
2338,17,NA
13489,5,NA
2037,146,NA
13500,146,NA
544,54,174
396,4,71
778,2,337
603,59,2001
1099,4,892
699,2,698
421,4,91
642,28,237
959,3,1887
637,2,671
1100,2,893
757,2,321
891,4,417
626,4,225
402,2,2012
752,110,720
316,2,14
976,2,470
1073,2,872
1015,4,497
538,2,629
782,59,340
851,17,385
464,2,595
898,67,422
607,2,215
13501,5,NA
13491,199,NA
13493,199,NA
12718,10,NA
13495,199,NA
13497,199,NA
9511,199,NA
13494,145,NA
12679,2,NA
9439,144,NA
9440,144,NA
1801,3,NA
2038,2,NA
9443,144,NA
1794,5,NA
9441,144,NA
1941,12,NA
1403,10,NA
1744,10,NA
2041,2,NA
1802,3,NA
12681,200,NA
2040,11,NA
12686,200,NA
1437,4,NA
1797,3,NA
2248,5,NA
1568,10,NA
2243,5,NA
12712,145,NA
1793,5,NA
2249,5,NA
12702,3,NA
1939,12,NA
2241,3,1554
2036,4,NA
1954,2,NA
12689,200,NA
12685,4,NA
12687,4,NA
12682,4,NA
12688,3,NA
2232,129,1552
499,2,146
729,4,1980
334,2,28
613,2,219
1096,2,889
762,2,324
711,2,288
515,2,157
12691,145,NA
12694,145,NA
12699,3,NA
12692,3,NA
12697,11,NA
12703,3,NA
12709,146,NA
12713,146,NA
12716,10,NA
1496,10,NA
9447,193,NA
9445,144,NA
9446,144,NA
5274,138,NA
1963,2,NA
2045,2,NA
2046,2,NA
2057,11,NA
1813,3,NA
8269,3,NA
2047,2,NA
1806,12,NA
1808,12,NA
1811,12,NA
8130,6,NA
1822,3,NA
1961,2,NA
1987,2,NA
1490,10,NA
1964,2,NA
2059,11,NA
2058,11,NA
2254,5,NA
9457,144,NA
1965,2,NA
2056,11,NA
1480,10,NA
1816,12,NA
1812,3,NA
2055,11,NA
1815,3,NA
1654,6,NA
1966,2,NA
12721,3,NA
2253,5,NA
1820,3,NA
13503,145,NA
8245,146,NA
1807,3,NA
8254,146,NA
1824,12,NA
2252,5,NA
2062,11,NA
2064,11,NA
9197,145,NA
9461,144,NA
2342,17,NA
1985,2,NA
9468,144,NA
1982,2,NA
1986,2,NA
1809,12,NA
1825,3,NA
9472,144,NA
1828,12,NA
1832,3,NA
1836,12,NA
2063,11,NA
1838,3,NA
1980,2,NA
1363,10,NA
1974,2,NA
1972,2,NA
9471,144,NA
2066,2,NA
1823,3,NA
2065,6,NA
1837,146,NA
1977,2,NA
1978,2,NA
1969,2,NA
1400,10,NA
1990,2,NA
1975,2,NA
1830,12,NA
8260,146,NA
1989,2,NA
1983,2,NA
1834,3,NA
13515,199,NA
13521,199,NA
13504,199,NA
2067,11,NA
13529,199,NA
1829,3,NA
13533,203,NA
12725,3,NA
13506,5,NA
12724,3,NA
1988,2,NA
9474,144,NA
9465,144,NA
8298,146,NA
7070,113,NA
1853,3,NA
867,10,769
645,4,240
8246,5,NA
2081,2,NA
8295,146,NA
13508,199,NA
2077,11,NA
2078,2,NA
9476,144,NA
9248,145,NA
9477,144,NA
1994,2,NA
1995,2,NA
1839,3,NA
1840,12,NA
1841,12,NA
9478,144,NA
2007,11,NA
2001,2,NA
1991,2,NA
8299,5,NA
1999,2,NA
7479,4,NA
2003,11,NA
2002,2,NA
1979,2,NA
1843,12,NA
1375,10,NA
725,4,1136
13516,203,NA
1433,4,NA
1842,3,NA
2090,11,NA
8296,5,NA
1849,12,NA
8307,5,NA
2100,11,NA
1854,3,NA
14232,227,NA
2088,11,NA
1845,12,NA
8301,5,NA
2095,11,NA
8314,5,NA
2004,11,NA
8313,146,NA
8310,5,NA
8306,146,NA
9202,145,NA
12726,3,NA
8312,146,NA
2085,11,NA
1857,3,NA
1996,2,NA
2093,11,NA
8309,146,NA
8308,146,NA
8302,146,NA
2089,11,NA
1851,3,NA
8311,5,NA
8318,146,NA
1798,146,NA
8325,201,NA
2087,11,NA
2277,5,NA
1848,12,NA
2091,11,NA
8300,146,NA
13510,203,NA
13509,146,NA
1846,12,NA
8304,5,NA
8303,5,NA
2010,11,NA
12901,2,NA
2019,11,NA
9510,144,NA
1430,122,NA
1858,3,NA
1859,3,NA
1479,4,NA
2096,11,NA
2098,11,NA
9506,144,NA
1863,3,NA
2016,11,NA
2285,17,NA
2118,4,NA
1411,10,NA
14233,200,NA
2020,11,NA
8322,146,NA
1866,3,NA
1365,10,NA
2014,11,NA
1459,10,NA
1867,145,NA
2099,11,NA
1753,10,NA
2005,11,NA
8323,5,NA
2009,11,NA
8319,146,NA
1391,10,NA
1868,3,NA
2011,122,NA
2013,11,NA
2101,4,NA
8315,146,NA
12864,2,NA
12870,2,NA
1578,10,NA
1875,3,NA
1452,4,NA
9513,144,NA
14234,227,NA
1873,3,NA
9519,144,NA
8316,146,NA
8321,5,NA
1871,3,NA
9517,144,NA
8327,146,NA
9516,144,NA
1747,10,NA
13514,145,NA
1371,10,NA
2115,2,NA
1745,10,NA
8326,146,NA
1872,3,NA
1458,4,NA
1759,10,NA
12875,2,NA
1870,3,NA
2018,11,NA
1877,3,NA
8320,146,NA
2280,17,NA
13513,203,NA
1474,4,NA
2284,17,NA
12869,2,NA
12900,4,NA
1434,4,NA
12872,2,NA
12868,2,NA
13511,199,NA
12879,2,NA
12887,2,NA
1879,3,NA
2122,4,NA
7686,6,NA
1896,12,NA
1885,3,NA
9539,144,NA
2282,146,NA
1891,3,NA
1385,10,NA
1349,10,NA
1886,3,NA
2104,2,NA
2119,4,NA
1874,3,NA
1889,3,NA
9540,144,NA
12894,4,NA
1893,12,NA
12893,4,NA
1881,3,NA
2103,2,NA
2123,4,NA
2106,2,NA
2021,11,NA
1876,3,NA
12881,138,NA
13525,199,NA
12876,2,NA
12878,2,NA
12896,11,NA
12880,2,NA
1903,12,NA
1386,10,NA
1904,12,NA
9541,144,NA
1380,10,NA
1358,10,NA
1897,12,NA
1414,10,NA
1369,10,NA
9542,144,NA
1396,10,NA
9543,144,NA
2208,4,NA
1439,4,NA
1440,4,NA
1366,10,NA
1555,6,NA
1481,4,NA
14235,227,NA
1902,12,NA
1339,10,NA
1361,10,NA
2128,4,NA
1410,10,NA
1346,10,NA
1544,4,NA
1908,12,NA
1394,10,NA
1483,4,NA
1340,10,NA
1450,3,NA
1393,10,NA
12888,2,NA
1905,12,NA
1387,10,NA
12883,2,NA
7507,4,NA
2130,187,NA
13518,203,NA
1395,10,NA
12884,2,NA
12890,11,NA
14251,153,NA
12882,2,NA
12885,2,NA
12889,2,NA
12886,2,NA
13517,146,NA
1441,4,NA
1343,10,NA
1352,10,NA
1909,12,NA
1910,12,NA
1431,11,NA
1547,4,NA
1499,10,NA
1359,10,NA
1390,10,NA
1392,10,NA
1422,11,NA
13520,203,NA
1906,12,NA
1914,12,NA
1445,4,NA
1495,10,NA
1545,4,NA
9286,6,NA
1557,4,NA
1907,12,NA
1517,4,NA
1487,10,NA
1518,10,NA
1536,10,NA
1546,10,NA
1419,122,NA
1509,4,NA
12897,2,NA
1538,4,NA
1543,10,NA
1436,4,NA
1342,10,NA
1367,10,NA
1444,4,NA
1572,10,NA
1336,10,NA
9558,144,NA
1552,10,NA
1338,10,NA
1551,4,NA
1542,5,NA
1606,144,NA
1653,4,NA
1529,4,NA
1911,4,NA
1353,10,NA
13519,199,NA
13522,145,NA
13523,203,NA
9280,6,NA
1576,10,NA
1566,10,NA
9566,144,NA
1530,4,NA
8681,161,NA
1610,4,NA
9559,144,NA
9556,144,NA
1360,10,NA
1563,10,NA
1629,6,NA
1534,4,NA
8682,161,NA
9272,6,NA
1660,4,NA
9316,153,NA
1443,4,NA
1669,6,NA
8856,146,NA
9555,144,NA
1564,10,NA
1504,10,NA
1699,4,NA
1550,4,NA
1717,4,NA
1636,4,NA
1704,6,NA
1641,4,NA
1756,10,NA
1505,10,NA
1528,4,NA
1626,6,NA
1702,199,NA
1915,12,NA
1708,4,NA
1621,4,NA
1541,4,NA
1539,4,NA
1638,4,NA
1575,10,NA
1408,10,NA
1582,10,NA
1651,6,NA
1620,6,NA
9560,144,NA
1562,10,NA
1721,6,NA
1639,4,NA
1574,10,NA
1524,4,NA
1671,11,NA
1715,6,NA
1611,4,NA
1447,4,NA
1614,4,NA
1670,4,NA
1535,4,NA
7685,6,NA
12902,11,NA
1350,10,NA
1644,4,NA
12898,4,NA
1758,10,NA
9306,153,NA
1711,6,NA
1567,10,NA
1657,4,NA
1916,12,NA
1676,4,NA
2217,9,NA
1713,146,NA
1685,4,NA
1917,12,NA
1706,6,NA
7704,2,NA
8858,146,NA
9298,153,NA
9313,153,NA
9291,153,NA
1712,6,NA
9318,153,NA
1755,10,NA
1427,122,NA
1674,4,NA
1696,4,NA
1659,4,NA
14240,200,NA
2216,9,NA
1678,4,NA
1599,4,NA
1918,12,NA
14237,176,NA
14244,177,NA
8240,5,NA
1537,4,NA
9287,6,NA
1661,6,NA
1799,3,NA
1559,144,NA
14238,228,NA
13537,199,NA
14239,228,NA
14236,200,NA
14241,228,NA
14246,11,NA
13524,146,NA
1707,201,NA
14249,229,NA
1580,10,NA
1766,4,NA
2220,9,NA
7708,2,NA
7712,2,NA
1754,10,NA
1761,4,NA
1765,4,NA
7707,2,NA
2218,9,NA
7517,10,NA
2287,6,NA
2304,17,NA
7522,10,NA
8864,146,NA
2308,17,NA
9320,153,NA
2299,17,NA
2229,2,NA
8916,3,NA
7516,10,NA
7515,10,NA
8863,146,NA
2309,17,NA
8894,3,NA
2307,17,NA
7524,2,NA
2295,17,NA
2290,17,NA
1921,12,NA
2298,17,NA
2293,17,NA
1573,10,NA
2222,9,NA
2296,17,NA
7511,10,NA
2303,17,NA
1920,12,NA
2221,9,NA
1417,122,NA
2297,17,NA
2219,9,NA
12895,2,NA
7508,10,NA
8917,3,NA
1722,4,NA
13527,6,NA
2033,4,NA
12910,145,NA
12912,3,NA
1718,5,NA
7510,10,NA
2301,17,NA
9321,153,NA
7509,10,NA
2292,17,NA
9319,153,NA
8904,3,NA
12899,2,NA
8914,3,NA
2294,17,NA
8915,3,NA
8862,146,NA
2318,17,NA
1413,10,NA
7525,2,NA
2332,17,NA
2333,17,NA
2314,17,NA
8919,3,NA
2326,17,NA
2319,17,NA
9324,153,NA
2343,17,NA
8920,3,NA
2321,17,NA
1924,12,NA
1780,5,NA
2306,17,NA
2328,17,NA
2313,17,NA
2315,17,NA
2300,17,NA
1922,12,NA
2340,17,NA
2311,17,NA
1449,4,NA
2323,17,NA
9323,153,NA
2320,17,NA
8471,4,NA
7523,10,NA
2316,17,NA
2302,176,NA
2289,17,NA
2102,2,NA
2310,17,NA
2317,17,NA
2327,17,NA
13528,203,NA
2346,199,NA
2291,226,NA
2324,17,NA
404,102,77
9322,153,NA
2312,17,NA
2269,2,NA
8472,4,NA
8925,3,NA
899,2,423
857,74,390
8470,4,NA
1492,10,NA
7529,2,NA
9326,153,NA
8923,3,NA
7528,146,NA
9325,153,NA
13536,146,NA
7761,2,NA
8926,3,NA
8927,3,NA
2335,17,NA
13532,199,NA
7753,2,NA
4450,2,2000
13534,6,NA
13530,203,NA
2366,2,NA
2053,6,NA
13531,203,NA
9078,4,NA
9038,4,NA
9092,4,NA
13540,6,NA
13535,203,NA
13538,203,NA
13539,145,NA
1494,10,NA
7754,2,NA
9333,153,NA
13541,146,NA
7759,146,NA
1383,10,NA
7745,2,NA
8285,146,NA
7747,2,NA
9327,153,NA
7768,2,NA
8966,3,NA
9010,3,NA
2371,4,NA
2035,4,NA
7750,2,NA
8273,146,NA
7749,2,NA
9012,145,NA
8287,146,NA
8286,5,NA
8931,3,NA
1571,10,NA
7760,2,NA
1389,10,NA
8282,146,NA
7755,145,NA
7746,2,NA
8985,3,NA
9329,153,NA
9011,3,NA
7743,2,NA
7744,2,NA
9328,153,NA
2370,4,NA
9013,3,NA
9332,153,NA
9095,4,NA
9338,153,NA
9143,145,NA
7622,4,NA
9014,3,NA
1556,4,NA
7765,2,NA
8283,146,NA
1477,4,NA
9097,4,NA
7751,2,NA
2032,4,NA
8277,145,NA
8276,146,NA
1502,10,NA
8275,146,NA
1679,3,NA
9331,153,NA
9015,4,NA
13550,11,NA
9086,4,NA
14243,177,NA
7758,2,NA
9335,153,NA
9062,4,NA
9334,153,NA
7770,2,NA
1540,4,NA
7771,2,NA
9336,153,NA
2383,6,NA
7762,2,NA
9054,4,NA
8284,5,NA
1558,4,NA
8289,146,NA
8281,3,NA
13553,145,NA
13542,11,NA
13545,145,NA
12905,145,NA
13543,11,NA
12922,11,NA
13551,146,NA
667,2,255
7766,2,NA
13548,6,NA
13547,11,NA
13549,11,NA
13552,11,NA
13555,146,NA
13556,11,NA
1601,5,NA
12906,145,NA
12909,145,NA
1364,10,NA
13586,146,NA
7786,2,NA
1323,38,959
8161,4,NA
9337,153,NA
9104,2,NA
9105,2,NA
9100,4,NA
9101,4,NA
1405,10,NA
14245,11,NA
12929,5,NA
13567,6,NA
12931,144,NA
2052,11,NA
7781,2,NA
12919,10,NA
9340,153,NA
9341,153,NA
7782,2,NA
9147,145,NA
7784,2,NA
7780,2,NA
9146,145,NA
9119,2,NA
9108,2,NA
9145,145,NA
9144,145,NA
7777,2,NA
9106,2,NA
7778,2,NA
13558,11,NA
9402,144,NA
12926,2,NA
9407,144,NA
9404,144,NA
7776,2,NA
1675,6,NA
12930,2,NA
7774,144,NA
12907,145,NA
12932,5,NA
12908,145,NA
12913,3,NA
12914,3,NA
12916,10,NA
12917,10,NA
12920,10,NA
12924,11,NA
12923,10,NA
12927,5,NA
9343,153,NA
1421,122,NA
13571,11,NA
9344,153,NA
9403,193,NA
9401,144,NA
7791,2,NA
1643,6,NA
9412,144,NA
9410,144,NA
13559,146,NA
2125,4,NA
1418,122,NA
9409,144,NA
13561,6,NA
7789,2,NA
13577,146,NA
9408,144,NA
13564,6,NA
7787,5,NA
1570,10,NA
13565,11,NA
13576,6,NA
13566,11,NA
13562,145,NA
13560,11,NA
13580,6,NA
1821,146,NA
9411,144,NA
7790,2,NA
1478,10,NA
2207,2,NA
7532,6,NA
1783,5,NA
13563,11,NA
9413,144,NA
8512,145,NA
9425,144,NA
13602,6,NA
302,2,1
1079,4,877
13575,6,NA
13591,146,NA
12947,4,NA
923,38,440
13569,11,NA
13578,6,NA
13572,11,NA
13595,6,NA
12944,4,NA
13574,6,NA
12956,4,NA
13620,3,NA
13623,2,NA
13628,2,NA
13250,5,NA
13629,2,NA
13634,2,NA
9423,144,NA
802,27,740
332,2,26
9454,144,NA
376,2,56
9422,144,NA
9429,144,NA
9450,144,NA
9426,144,NA
9436,144,NA
9452,144,NA
9421,144,NA
9453,144,NA
9449,193,NA
9451,144,NA
13581,146,NA
9484,144,NA
13631,2,NA
9479,144,NA
12933,144,NA
1955,2,NA
9419,144,NA
13644,4,NA
987,1,826
13590,146,NA
13637,2,NA
13579,6,NA
13603,6,NA
12950,4,NA
3032,12,NA
9444,144,NA
12934,144,NA
12937,144,NA
12939,199,NA
12952,138,NA
12957,138,NA
13643,4,NA
12958,138,NA
13650,4,NA
13651,4,NA
9467,144,NA
1497,10,NA
9455,144,NA
9485,144,NA
9489,144,NA
9475,144,NA
840,74,377
767,3,1859
315,2,13
9480,144,NA
9487,144,NA
9483,144,NA
9498,144,NA
13582,146,NA
2351,17,NA
13596,3,NA
7800,2,NA
9497,144,NA
13659,138,NA
9496,144,NA
9493,144,NA
1762,11,NA
7796,2,NA
8244,5,NA
9524,144,NA
9490,144,NA
7441,145,NA
9492,144,NA
12936,144,NA
12942,144,NA
13584,199,NA
9456,144,NA
12938,144,NA
12960,138,NA
9491,144,NA
12965,5,NA
12940,199,NA
12943,199,NA
12945,199,NA
12946,199,NA
12948,199,NA
12949,138,NA
9499,144,NA
9500,144,NA
9512,144,NA
9501,144,NA
9523,144,NA
7797,3,NA
7815,146,NA
9527,144,NA
7803,146,NA
9532,144,NA
13597,3,NA
9528,144,NA
9530,144,NA
7808,146,NA
9529,144,NA
7813,3,NA
9525,144,NA
9526,144,NA
1356,10,NA
9520,144,NA
9503,144,NA
7801,6,NA
9502,144,NA
13604,6,NA
14248,229,NA
13583,6,NA
12953,144,NA
12951,138,NA
13646,4,NA
13648,4,NA
13598,6,NA
1056,4,860
7795,3,2385
12966,4,NA
9551,144,NA
12976,4,NA
1462,10,NA
9548,144,NA
9563,144,NA
9565,144,NA
9564,144,NA
9545,144,NA
9536,144,NA
9549,144,NA
14247,229,NA
8750,110,NA
8767,10,NA
1583,10,NA
8753,110,NA
8752,110,NA
12968,4,NA
14250,11,NA
9561,144,NA
12959,5,NA
12955,138,NA
13585,146,NA
9547,144,NA
12972,11,NA
13588,6,NA
456,37,591
672,4,1862
12967,138,NA
12962,5,NA
8693,168,NA
8814,11,NA
12969,11,NA
12975,199,NA
12981,5,NA
12954,4,NA
12973,10,NA
12964,4,NA
12971,4,NA
12974,4,NA
12977,4,NA
12978,5,NA
12979,4,NA
12980,10,NA
1467,10,NA
8763,10,NA
8761,10,NA
8762,10,NA
8755,110,NA
13599,3,NA
8754,110,NA
8766,10,NA
8738,9,NA
8692,167,NA
8664,157,NA
8740,9,NA
8744,9,NA
8739,9,NA
8685,163,NA
8751,110,NA
8741,9,NA
8759,68,NA
8671,136,NA
8748,152,NA
8778,149,NA
8786,149,NA
14252,5,NA
1465,10,NA
8789,147,NA
12998,2,NA
8676,160,NA
8758,68,NA
13011,145,NA
12983,146,NA
7520,6,NA
13587,199,NA
2281,17,NA
8691,237,NA
7810,9,NA
13665,145,NA
13671,145,NA
13640,4,NA
8765,10,NA
13664,138,NA
8790,205,NA
1344,10,NA
8770,10,NA
8773,10,NA
1967,2,NA
13479,5,NA
8780,149,NA
8776,149,NA
8792,186,NA
8771,10,NA
8791,186,NA
7809,4,NA
8783,149,NA
8787,147,NA
8794,187,NA
8774,10,NA
7806,146,NA
13608,6,NA
7805,146,NA
8801,11,NA
7807,3,NA
8807,11,NA
1569,10,NA
3361,2,1954
7811,3,NA
7802,3,NA
12984,146,NA
13601,3,NA
1282,4,1246
8772,10,NA
8799,145,NA
8784,145,NA
13621,3,NA
12985,146,NA
13619,3,NA
7804,199,NA
12993,145,NA
12997,2,NA
8821,146,NA
506,4,151
472,61,599
1553,10,NA
8800,11,NA
13007,4,NA
1749,10,NA
8812,11,NA
8811,11,NA
8809,11,NA
13006,4,NA
13008,4,NA
12986,3,NA
13000,4,NA
13001,4,NA
12988,10,NA
12991,10,NA
13108,145,NA
12987,3,NA
461,53,594
13606,3,NA
13600,145,NA
14253,10,NA
13617,3,NA
12990,145,NA
12992,145,NA
13002,4,NA
13004,4,NA
12995,2,NA
13618,3,NA
13593,6,NA
8813,11,NA
1498,10,NA
8824,146,NA
9420,144,NA
8818,11,NA
8817,11,NA
8823,146,NA
14254,230,NA
8822,146,NA
8819,11,NA
8825,146,NA
8826,146,NA
8847,146,NA
356,74,42
8881,146,NA
8851,146,NA
14257,2,NA
340,4,2028
14255,2,NA
13614,2,NA
8328,146,NA
14256,230,NA
13642,4,NA
13633,2,NA
13613,6,NA
14258,231,NA
13612,6,NA
14259,231,NA
14260,231,NA
14267,232,NA
14268,233,NA
14270,233,NA
14276,165,NA
14278,235,NA
1454,4,NA
8882,146,NA
8852,146,NA
8880,146,NA
8883,146,NA
8841,146,NA
8903,3,NA
8834,146,NA
8845,146,NA
8849,146,NA
8843,146,NA
8224,5,NA
8853,146,NA
8848,146,NA
8907,3,NA
8846,146,NA
8844,146,NA
8850,146,NA
13624,2,NA
7549,146,NA
7812,3,NA
2325,17,NA
1664,4,NA
2129,4,NA
1435,4,NA
8984,3,NA
13607,3,NA
9024,4,NA
13609,145,NA
13622,3,NA
1520,10,NA
1381,10,NA
2589,2,1901
1818,3,NA
1455,10,NA
13605,6,NA
13615,2,NA
1784,145,NA
393,70,69
1514,10,NA
306,4,522
9195,145,NA
9181,145,NA
1931,12,NA
9033,4,NA
1929,12,NA
13682,201,NA
9209,145,NA
1933,12,NA
9175,145,NA
7752,2,NA
13610,3,NA
9347,153,NA
9356,153,NA
9267,6,NA
9233,145,NA
9273,6,NA
9031,4,NA
9032,4,NA
12215,2,2372
501,70,148
872,2,400
1466,10,NA
9285,6,NA
9350,153,NA
9357,153,NA
9348,153,NA
9214,145,NA
9026,4,NA
9027,4,NA
9187,145,NA
837,2,375
13611,144,NA
13675,145,NA
13544,6,NA
9355,153,NA
8658,155,NA
9354,153,NA
8756,110,NA
9470,144,NA
9278,6,NA
9255,145,NA
9438,144,NA
9330,153,NA
8769,10,NA
9349,153,NA
8683,162,NA
9245,145,NA
9351,153,NA
9459,144,NA
8802,11,NA
2054,11,NA
7543,146,NA
3485,4,1961
13681,145,NA
12793,199,NA
8804,11,NA
7709,2,NA
8911,3,NA
8870,146,NA
9269,6,NA
9394,191,NA
7653,6,NA
1153,2,934
1134,2,919
7711,2,NA
7537,2,NA
7710,2,NA
7542,146,NA
13616,3,NA
13009,4,NA
1826,12,NA
9463,144,NA
8797,225,NA
13677,145,NA
8820,146,NA
8859,146,NA
8860,146,NA
7556,11,NA
8861,146,NA
8855,146,NA
8805,11,NA
8867,146,NA
8865,146,NA
8828,146,NA
7559,11,NA
7565,11,NA
7567,11,NA
8806,11,NA
7535,2,NA
7540,146,NA
13010,4,NA
8808,11,NA
7550,146,NA
7553,146,NA
8913,3,NA
7546,146,NA
7547,146,NA
7551,3,NA
8982,3,NA
13645,4,NA
7545,153,NA
14272,234,NA
7564,11,NA
13657,201,NA
8978,3,NA
8974,3,NA
8973,3,NA
13627,2,NA
7548,146,NA
2049,2,1483
9076,4,NA
7552,146,NA
8868,146,NA
8869,146,NA
7555,11,NA
8981,3,NA
8979,3,NA
7557,11,NA
7558,11,NA
8975,3,NA
7560,11,NA
7562,11,NA
7563,11,NA
7566,11,NA
8991,3,NA
9228,145,NA
9226,145,NA
9223,145,NA
9230,145,NA
9025,4,NA
9232,145,NA
8994,3,NA
9229,145,NA
9224,145,NA
8992,3,NA
9222,145,NA
8987,3,NA
8983,3,NA
9161,145,NA
9220,145,NA
9221,145,NA
1370,10,NA
9227,145,NA
7544,146,NA
14542,199,NA
7404,10,NA
7409,10,NA
8362,5,NA
7843,2,NA
8986,3,NA
7536,2,NA
13635,2,NA
8977,4,NA
1378,10,NA
8988,3,NA
9266,247,NA
9237,145,NA
1565,10,NA
9261,145,NA
9262,145,NA
9234,145,NA
9241,145,NA
9265,6,NA
9239,145,NA
9242,145,NA
9235,145,NA
9263,145,NA
9264,145,NA
9236,145,NA
9567,144,NA
9270,6,NA
8995,3,NA
8330,146,NA
13499,199,NA
13632,2,NA
638,4,232
14271,233,NA
14275,165,NA
13636,2,NA
13674,145,NA
13546,146,NA
7399,10,NA
13653,138,NA
13502,199,NA
9268,6,NA
7650,6,NA
8329,146,NA
9568,192,NA
2214,2,1543
491,2,141
424,2,2069
1225,17,1074
9515,144,NA
7661,2,NA
7538,2,NA
8348,146,NA
9397,144,NA
9271,6,NA
9396,191,NA
7651,2,NA
9395,191,NA
8331,146,NA
7660,2,NA
8341,5,NA
8335,146,NA
8345,146,NA
8290,5,NA
8338,146,NA
7748,2,NA
14261,138,NA
14262,138,NA
14265,232,NA
14263,138,NA
14269,138,NA
14274,234,NA
14281,138,NA
14277,235,NA
7720,6,NA
8343,201,NA
524,43,878
7676,2,NA
8332,146,NA
7674,6,NA
7673,2,NA
4642,2,2048
7886,3,NA
2250,2,1556
8871,2,NA
677,4,263
392,4,68
719,2,708
935,40,1992
661,105,250
865,53,767
14273,234,NA
8336,146,NA
489,2,139
7668,2,NA
8337,146,NA
8334,146,NA
7669,2,NA
8342,5,NA
1406,10,NA
7667,2,NA
1844,3,NA
8340,5,NA
8339,146,NA
8796,165,NA
13668,145,NA
13647,4,NA
13669,201,NA
1865,2,NA
8346,5,NA
651,6,680
8347,146,NA
8350,5,NA
8353,146,NA
8349,146,NA
8354,146,NA
2215,129,1544
600,37,1881
820,2,362
7400,10,NA
1068,73,868
418,2,89
900,4,782
895,2,780
4454,11,2007
687,53,693
1084,11,880
1192,4,999
625,53,1538
1156,2,938
390,30,1230
2258,5,NA
1428,122,NA
8359,5,NA
4455,4,2010
7373,6,NA
7680,2,NA
7345,144,NA
7361,6,NA
7398,10,NA
8351,146,NA
7383,10,NA
7391,10,NA
7678,2,NA
7396,10,NA
7388,10,NA
7389,10,NA
7394,10,NA
7360,10,NA
7375,10,NA
7378,10,NA
7362,10,NA
7393,10,NA
7381,10,NA
7387,10,NA
7385,10,NA
7346,10,NA
7386,10,NA
7343,144,NA
7371,6,NA
8365,146,NA
13673,201,NA
13656,145,NA
8371,6,NA
1001,144,486
2223,127,1545
13030,2,NA
8352,5,NA
7675,2,NA
8358,5,NA
7380,10,NA
13667,145,NA
13684,145,NA
7681,6,NA
13654,4,NA
8356,146,NA
7374,10,NA
7377,10,NA
7358,6,NA
7384,10,NA
7390,10,NA
7395,10,NA
7379,10,NA
4457,2,2019
7392,10,NA
7376,10,NA
7397,10,NA
7382,10,NA
9107,2,NA
7405,10,NA
7403,10,NA
7682,2,NA
7357,6,NA
13492,5,NA
7363,6,NA
7406,10,NA
8357,5,NA
7367,6,NA
14280,138,NA
7692,6,NA
7423,10,NA
8368,6,NA
7422,10,NA
1089,2,882
13652,201,NA
7447,10,NA
7408,10,NA
7401,10,NA
7402,10,NA
8364,146,NA
7466,4,NA
7428,10,NA
7410,10,NA
7414,10,NA
7434,144,NA
7438,10,NA
7442,10,NA
7425,10,NA
7426,10,NA
7461,3,NA
7452,146,NA
8363,144,NA
13661,145,NA
7420,10,NA
7411,10,NA
7464,10,NA
7421,10,NA
7418,10,NA
7413,10,NA
7417,10,NA
7419,6,NA
7416,10,NA
7415,10,NA
7412,10,NA
740,2,308
709,4,286
7570,3,NA
8434,2,NA
7773,2,NA
14279,235,NA
7818,144,NA
7424,10,NA
8373,176,NA
13663,145,NA
8372,6,NA
13672,145,NA
8291,146,NA
13680,11,NA
560,8,1174
7822,149,NA
7830,2,NA
7831,2,NA
8137,6,NA
7832,2,NA
8370,6,NA
8139,6,NA
7826,149,NA
7827,149,NA
7859,3,NA
7834,2,NA
7851,2,NA
8134,6,NA
8374,6,NA
7825,149,NA
8477,2,NA
8369,6,NA
7841,3,NA
7835,2,NA
7860,3,NA
1345,201,NA
7837,3,NA
7828,149,NA
7819,2,NA
7817,2,NA
7846,2,NA
7844,2,NA
7407,10,NA
7427,10,NA
7440,6,NA
7450,3,NA
7836,3,NA
9600,146,NA
7816,2,NA
13678,145,NA
7833,2,NA
7824,236,NA
7842,2,NA
7737,2,NA
7467,4,NA
7863,3,NA
7457,4,NA
13697,146,NA
7443,2,NA
1652,4,2035
7857,6,NA
7431,144,NA
7847,2,NA
7432,144,NA
7445,10,NA
7856,3,NA
7321,144,NA
7849,2,NA
7328,144,NA
7319,144,NA
7327,144,NA
7326,144,NA
13005,4,NA
7838,3,NA
7317,144,NA
13687,201,NA
13685,11,NA
8388,5,NA
8389,146,NA
7444,6,NA
8392,5,NA
7318,144,NA
7460,10,NA
7458,4,NA
7858,6,NA
8376,6,NA
7446,6,NA
7735,146,NA
9414,144,NA
7439,10,NA
7449,3,NA
7865,3,NA
7866,3,NA
13686,185,NA
8393,5,NA
7325,144,NA
7864,3,NA
7853,2,NA
7433,6,NA
8135,6,NA
7322,144,NA
7855,3,NA
7435,6,NA
8136,6,NA
8138,6,NA
13693,201,NA
7456,10,NA
7372,10,NA
7719,2,NA
13768,5,NA
7730,2,NA
7862,3,NA
7861,3,NA
7463,10,NA
8484,2,NA
8140,6,NA
7725,2,NA
7726,146,NA
13699,146,NA
13690,11,NA
13695,11,NA
13691,185,NA
13692,11,NA
13698,199,NA
7465,6,NA
13700,201,NA
13696,185,NA
7454,6,NA
7468,4,NA
13856,144,NA
13846,6,NA
7630,4,NA
7763,6,NA
7628,2,NA
9514,144,NA
7632,4,NA
13815,6,NA
523,110,624
13854,3,NA
13789,146,NA
13701,146,NA
13786,146,NA
13772,10,NA
13776,10,NA
13735,146,NA
13709,201,NA
8375,6,NA
7634,4,NA
7870,3,NA
13716,146,NA
13714,199,NA
655,2,245
2107,66,1508
13800,146,NA
7867,3,NA
7772,2,NA
9601,6,NA
7883,3,NA
7879,3,NA
13817,6,NA
7872,3,NA
7871,3,NA
13740,146,NA
13704,199,NA
13707,146,NA
13842,6,NA
13823,6,NA
13702,201,NA
13723,201,NA
13749,201,NA
13720,201,NA
13747,201,NA
13761,212,NA
13742,212,NA
13732,212,NA
13828,6,NA
13830,146,NA
13837,6,NA
8250,145,NA
7891,3,NA
13712,201,NA
8854,146,NA
13713,146,NA
9302,153,NA
7881,3,NA
13791,6,NA
8426,2,NA
7889,3,NA
2044,2,1769
13705,146,NA
13765,146,NA
14483,6,NA
14497,201,NA
13759,146,NA
7876,3,NA
8360,146,NA
7877,3,NA
13718,199,NA
470,34,598
133,4,1672
13711,146,NA
13722,144,NA
13706,201,NA
13708,201,NA
13731,201,NA
13728,201,NA
13726,212,NA
13715,212,NA
13710,212,NA
7873,3,NA
13737,201,NA
13717,199,NA
831,70,372
7631,4,NA
7874,3,NA
1219,2,1612
7878,3,NA
1632,201,NA
7868,3,NA
13733,144,NA
7451,6,NA
7638,4,NA
7633,4,NA
13736,144,NA
7640,4,NA
13727,201,NA
13741,201,NA
13744,201,NA
13730,199,NA
13738,185,NA
7636,218,NA
7880,3,NA
7882,3,NA
8146,4,NA
13757,201,NA
13750,144,NA
13760,5,NA
13748,146,NA
13762,5,NA
7695,2,NA
7875,3,NA
13676,201,NA
7887,3,NA
13745,199,NA
13662,201,NA
13743,146,NA
13779,10,NA
13781,3,NA
13784,211,NA
13788,211,NA
13755,212,NA
13746,212,NA
13739,212,NA
8141,6,NA
1672,5,NA
7884,3,NA
13754,201,NA
8156,4,NA
548,2,1682
7888,3,NA
8157,6,NA
8148,6,NA
8153,6,NA
8144,4,NA
13778,146,NA
7885,3,NA
475,4,130
13782,146,NA
13767,146,NA
13758,201,NA
13753,201,NA
13771,144,NA
13751,212,NA
13780,211,NA
13777,211,NA
13766,212,NA
13764,212,NA
8143,6,NA
8149,6,NA
8151,6,NA
8145,3,NA
252,5,1434
8154,4,NA
13783,3,NA
8152,6,NA
8147,6,NA
13790,211,NA
28,2,1690
3,3,1334
659,2,248
1313,3,1910
86,5,1455
13900,144,2564
13774,211,NA
7895,3,NA
7902,3,NA
8155,2,NA
7893,3,NA
7898,3,NA
13787,3,NA
7903,3,NA
7896,3,NA
7900,3,NA
627,1,1007
7899,3,NA
7894,3,NA
13797,146,NA
7897,3,NA
7901,3,NA
13892,144,NA
7890,3,NA
7892,3,NA
7913,3,NA
7912,3,NA
7926,6,NA
7928,6,NA
7907,3,NA
13498,5,NA
7916,3,NA
7905,3,NA
7908,3,NA
7924,6,NA
363,67,45
8164,4,NA
13905,144,NA
1912,12,1734
7910,3,NA
7914,3,NA
7906,3,NA
7918,6,NA
13829,145,NA
13039,2,NA
7904,3,NA
13839,145,NA
7925,6,NA
7929,6,NA
7923,6,NA
13793,146,NA
13802,146,NA
13827,6,NA
7917,10,NA
13838,4,NA
7909,3,NA
7921,153,NA
942,2,2025
13869,10,NA
8158,4,NA
13877,145,NA
13861,144,NA
13794,211,NA
13805,211,NA
13795,6,NA
13820,145,NA
7920,6,NA
97,4,1671
1309,1,1287
541,1,630
2042,2,1771
46,2,1157
492,66,142
535,2,628
639,4,672
8709,246,2086
13832,146,NA
8248,146,NA
13875,4,NA
13809,146,NA
1271,5,1229
13796,6,NA
8251,146,NA
12281,6,NA
8262,5,NA
7919,2,NA
7922,6,NA
13512,5,NA
7927,6,NA
1166,2,947
13808,6,NA
8255,146,NA
13804,6,NA
8253,146,NA
13803,211,NA
13865,144,NA
399,3,1241
430,2,98
2656,6,1912
2961,4,1941
108,3,968
2499,5,2450
13798,211,NA
13033,2,NA
13041,2,NA
7930,6,NA
13037,2,NA
13032,2,NA
13816,146,NA
158,2,1022
1992,3,1737
13014,2,NA
13015,2,NA
13821,146,NA
8160,4,NA
9256,176,NA
2958,115,1939
152,2,1070
1646,4,1966
1315,2,1299
2425,3,1566
212,6,1215
104,1,1331
162,4,1090
172,5,1264
4584,2,2039
13835,6,NA
13824,146,NA
13012,3,NA
13810,6,NA
13806,146,NA
13013,3,NA
36,9,1185
13814,145,NA
13799,6,NA
13801,6,NA
13807,6,NA
13016,2,NA
8165,146,NA
1984,2,2379
8167,146,NA
13021,2,NA
55,2,1351
1262,43,1213
484,4,1078
1195,111,1002
13833,2,2415
13025,2,NA
8163,146,NA
13035,2,NA
13034,2,NA
13822,6,NA
13819,6,NA
13844,3,NA
13812,6,NA
13845,145,NA
13847,176,NA
8480,2,NA
8168,4,NA
8479,2,NA
13017,2,NA
7945,4,NA
735,49,713
13825,6,NA
13028,2,NA
13019,2,NA
129,5,1489
12,4,1677
247,114,1437
120,2,1470
121,1,1388
1209,117,1040
13020,2,NA
13022,2,NA
13018,3,NA
13023,2,NA
13024,2,NA
13026,2,NA
13027,2,NA
13031,2,NA
13040,2,NA
1229,144,1785
8483,2,NA
8478,2,NA
8170,4,NA
8481,2,NA
8482,2,NA
13818,146,NA
13866,176,NA
13679,201,NA
13029,2,NA
13044,144,NA
13874,10,NA
13849,10,NA
13884,176,NA
13067,6,NA
7657,2,NA
13883,145,NA
511,6,1207
939,2,1088
706,37,702
13882,144,NA
11,5,1639
7659,3,NA
13036,2,NA
13038,2,NA
13907,146,NA
13890,145,NA
9142,145,NA
7514,10,NA
8259,5,NA
13826,145,NA
13834,145,NA
1861,3,NA
13056,9,NA
13858,176,NA
13903,144,NA
13836,176,NA
13841,176,NA
8169,4,NA
7935,146,NA
313,34,1091
183,3,2281
90,3,1271
13043,144,NA
355,2,41
13843,4,NA
13904,145,NA
13857,145,NA
7671,2,NA
8473,4,NA
13840,6,NA
13909,144,NA
13886,4,NA
9570,3,NA
13069,6,NA
13058,144,NA
7931,6,NA
13175,10,NA
7932,6,NA
13192,144,NA
13885,10,NA
13143,10,NA
13850,176,NA
7933,6,NA
13855,10,NA
13853,145,NA
13851,4,NA
13859,144,NA
13872,4,NA
13870,176,NA
13065,6,NA
3487,90,1963
893,39,778
13060,6,NA
13074,145,NA
8485,5,NA
13848,145,NA
8257,5,NA
13050,144,NA
13057,9,NA
13880,176,NA
13046,144,NA
13898,10,NA
13051,144,NA
13908,176,NA
13053,144,NA
1097,2,890
549,3,634
2120,2,1520
13055,144,2672
13099,206,NA
13888,176,NA
13893,10,NA
13894,176,NA
13897,144,NA
13912,146,NA
7944,6,NA
13073,145,NA
7953,6,NA
7948,6,NA
13864,144,NA
7949,4,NA
7940,6,NA
7939,6,NA
13076,145,NA
13077,145,NA
2048,146,NA
13906,4,NA
13059,6,NA
7943,4,NA
13063,6,NA
13079,145,NA
13860,10,NA
13129,10,NA
13862,10,NA
13068,6,NA
13062,6,NA
13881,2,NA
13061,6,NA
13066,6,NA
374,3,54
13071,6,NA
13078,5,NA
13080,5,NA
13075,185,NA
7477,4,NA
7938,146,NA
7942,6,NA
7489,145,NA
7941,6,NA
7950,6,NA
7485,145,NA
7496,5,NA
7478,4,NA
7484,2,NA
7493,6,NA
7471,6,NA
7494,6,NA
7490,6,NA
7492,6,NA
545,2,632
7429,10,NA
7448,10,NA
13091,5,NA
13094,145,NA
7488,6,NA
7951,6,NA
8171,4,NA
7476,4,NA
13081,5,NA
7936,146,NA
7946,6,NA
7491,6,NA
13178,10,NA
13116,207,NA
701,4,700
13101,5,NA
13137,10,NA
13215,6,NA
13899,176,NA
13152,146,NA
7473,4,NA
13138,2,NA
7497,144,NA
7498,3,NA
13198,144,NA
7486,145,NA
13136,10,NA
7482,145,NA
7474,4,NA
7500,5,NA
13083,145,NA
13219,5,NA
9597,4,NA
8175,4,NA
7954,4,NA
7469,4,NA
8173,146,NA
7959,6,NA
7472,4,NA
1709,2,NA
13109,3,NA
7955,6,NA
13125,3,NA
13082,5,NA
7499,145,NA
13201,144,NA
13189,5,NA
13089,5,NA
13110,207,NA
8876,146,NA
13139,10,NA
13128,10,NA
13084,145,NA
7956,4,NA
1742,10,NA
13093,5,NA
7960,6,NA
13098,5,NA
8433,3,NA
13087,145,NA
13090,145,NA
13104,5,NA
7764,146,NA
13085,5,NA
13092,145,NA
13097,145,NA
13100,145,NA
13103,145,NA
7823,3,NA
13086,5,NA
13102,206,NA
7658,2,NA
8172,4,NA
508,9,2186
776,90,335
13868,144,NA
7729,145,NA
7991,10,NA
7952,6,NA
13132,10,NA
905,2,428
1025,4,2002
13119,3,NA
13165,146,NA
13205,6,NA
13213,145,NA
13876,176,NA
13163,146,NA
13179,10,NA
8174,4,NA
7845,3,NA
13867,10,NA
13863,176,NA
13889,10,NA
13106,5,NA
910,97,431
13214,145,NA
13891,176,NA
13142,10,NA
13133,10,NA
13902,146,NA
13123,2,NA
8380,6,NA
8179,2,NA
13112,3,NA
7963,6,NA
7962,4,NA
13161,146,NA
7961,4,NA
7957,6,NA
13174,146,NA
7561,11,NA
8178,146,NA
13135,10,NA
8189,4,NA
7958,4,NA
13126,10,NA
13134,2,NA
13158,2,NA
7967,6,NA
13107,5,NA
7966,10,NA
7977,6,NA
7983,6,NA
759,80,724
7974,6,NA
7988,6,NA
7975,10,NA
13913,176,NA
13149,146,NA
13140,10,NA
7973,10,NA
7985,10,NA
7984,4,NA
7964,10,NA
7982,6,NA
7970,10,NA
7981,10,NA
7972,10,NA
8382,6,NA
7980,4,NA
7978,10,NA
7968,10,NA
13120,3,NA
7987,4,NA
13111,3,NA
13115,3,NA
2213,5,1542
908,53,786
250,4,1413
13145,10,NA
13118,3,NA
7998,6,NA
8023,10,NA
13141,3,NA
292,4,NA
8182,4,NA
8383,6,NA
9317,153,NA
13122,3,NA
8176,4,NA
8187,4,NA
8184,4,NA
8381,6,NA
13127,3,NA
13878,4,NA
13121,2,NA
13879,10,NA
13895,145,NA
13896,144,NA
8185,146,NA
8186,146,NA
8181,146,NA
7993,10,NA
9352,153,NA
7990,6,NA
7979,10,NA
3486,2,1962
13130,3,NA
7986,6,NA
13181,10,NA
7723,4,NA
7741,146,NA
13131,3,NA
7997,4,NA
7999,4,NA
8022,10,NA
8019,10,NA
8025,10,NA
13159,146,NA
7734,2,NA
8024,10,NA
8006,10,NA
7995,6,NA
7992,4,NA
13945,146,NA
13171,146,NA
455,67,589
1107,110,898
448,3,1194
326,2,1956
877,70,403
7462,4,NA
417,75,2044
8405,2,NA
9469,144,NA
13184,10,NA
8002,10,NA
8009,10,NA
7341,144,NA
7994,10,NA
7989,10,NA
13911,144,NA
13914,144,NA
13910,145,NA
7340,144,NA
7359,10,NA
7364,10,NA
7332,6,NA
7366,10,NA
7348,6,NA
7333,4,NA
7370,10,NA
8011,10,NA
7365,6,NA
7342,144,NA
8527,5,NA
8550,5,NA
13160,146,NA
13188,5,NA
13170,146,NA
13177,10,NA
8004,10,NA
8543,5,NA
8542,5,NA
8535,5,NA
8524,5,NA
7350,6,NA
94,145,1433
7352,6,NA
7996,6,NA
8241,5,NA
8001,10,NA
7368,10,NA
8000,6,NA
13151,146,NA
13168,146,NA
7353,6,NA
13155,146,NA
13157,146,NA
13166,146,NA
13153,146,NA
13169,146,NA
13172,146,NA
13167,146,NA
13147,2,NA
13186,5,NA
8014,10,NA
8529,5,NA
8531,5,NA
8534,5,NA
8005,10,NA
8016,10,NA
7518,10,NA
8544,5,NA
13183,10,NA
8012,10,NA
9353,153,NA
1750,10,NA
13915,144,NA
13944,145,NA
8013,10,NA
2431,117,1567
7369,10,NA
8521,5,NA
13934,9,NA
13956,9,NA
863,2,395
8551,5,NA
8545,5,NA
8552,5,NA
7530,2,NA
8564,5,NA
8553,5,NA
8566,5,NA
8570,5,NA
8559,5,NA
8021,10,NA
8563,5,NA
8558,5,NA
8249,5,NA
8562,5,NA
13187,5,NA
8556,5,NA
8557,5,NA
8555,5,NA
8568,5,NA
8008,10,NA
8554,5,NA
8560,5,NA
8565,5,NA
8003,10,NA
8027,10,NA
8017,10,NA
8010,10,NA
13173,2,NA
8015,10,NA
13180,10,NA
13182,10,NA
13207,145,NA
13203,6,NA
13965,3,NA
13989,5,NA
13935,146,NA
13916,144,NA
13974,3,NA
13961,145,NA
13176,10,NA
7663,2,NA
1451,4,NA
1256,3,1188
357,2,1291
13526,199,NA
13953,145,NA
13987,3,NA
14027,153,NA
13949,176,NA
13971,3,NA
14055,176,NA
8034,6,NA
8018,10,NA
8031,6,NA
8030,4,NA
9346,153,NA
8032,10,NA
7698,2,NA
7699,2,NA
8106,10,NA
8395,151,NA
8029,10,NA
8033,4,NA
13986,146,NA
8036,4,NA
8028,6,NA
13938,145,NA
13947,145,NA
13992,145,NA
13960,176,NA
1998,2,NA
8573,5,NA
13939,146,NA
8055,10,NA
13917,145,NA
13929,146,NA
13932,146,NA
13918,144,NA
8066,6,NA
14440,10,NA
13922,9,NA
13942,145,NA
13920,145,NA
7329,144,2119
13921,144,NA
12294,4,NA
14001,145,NA
1316,5,1301
13924,144,NA
13925,146,NA
13919,146,NA
13927,146,NA
7705,2,NA
7623,2,NA
1700,4,NA
13346,145,NA
91,3,1416
621,3,658
8044,10,NA
13923,145,NA
14543,199,NA
13933,145,NA
13950,145,NA
13930,3,NA
13931,3,NA
13940,9,NA
8048,10,NA
8572,5,NA
8041,6,NA
8049,6,NA
8062,10,NA
8054,10,NA
8047,146,NA
8040,6,NA
7684,6,NA
8061,6,NA
8591,5,NA
8052,4,NA
8065,10,NA
8043,146,NA
8035,6,NA
8045,6,NA
8037,146,NA
7655,2,NA
8038,6,NA
8039,4,NA
7702,2,NA
8590,5,NA
1655,6,NA
8600,5,NA
8593,5,NA
8397,144,NA
8398,144,NA
8592,5,NA
1448,4,NA
8594,5,NA
7703,2,NA
7649,2,NA
7665,6,NA
7700,2,NA
13951,3,NA
1470,4,NA
7662,2,NA
7689,6,NA
7687,6,NA
13983,3,NA
7617,2,NA
14053,3,NA
7697,2,NA
13193,145,NA
13199,144,NA
7691,2,NA
13993,5,NA
9437,144,NA
7654,2,NA
240,2,1316
13227,196,NA
8604,5,NA
1624,144,NA
8190,4,NA
7666,2,NA
1976,2,NA
13229,196,NA
13952,9,NA
2000,2,NA
13962,3,NA
13996,145,NA
13210,6,NA
13194,144,NA
8194,4,NA
8609,5,NA
8611,5,NA
8606,5,NA
8618,5,NA
1763,10,NA
8619,5,NA
8605,5,NA
8042,4,NA
8614,5,NA
8613,5,NA
8607,5,NA
8193,4,NA
13190,144,NA
13195,144,NA
1740,10,NA
13197,144,NA
13206,144,NA
13212,6,NA
13288,10,NA
13298,6,NA
8080,6,NA
13978,146,NA
8198,4,NA
12291,199,NA
13191,144,NA
12275,144,NA
13954,176,NA
13272,144,NA
13275,5,NA
1150,2,929
13230,196,NA
13955,3,NA
13957,176,NA
13969,3,NA
13959,145,NA
13964,145,NA
13976,3,NA
13970,176,NA
13234,196,NA
13985,5,NA
13994,145,NA
13240,196,NA
8608,5,NA
8616,5,NA
7627,2,NA
1751,10,NA
7620,2,NA
13208,6,NA
8199,4,NA
13196,145,NA
7624,2,NA
13211,6,NA
8435,2,NA
13967,3,2528
13958,3,NA
13204,145,NA
13357,4,NA
9160,145,NA
8628,5,NA
8200,4,NA
8633,5,NA
1618,6,1908
8627,5,NA
8632,5,NA
8629,5,NA
8630,5,NA
8197,4,NA
8201,4,NA
13216,145,NA
8203,4,NA
8202,4,NA
8635,5,NA
8256,5,NA
13200,145,NA
2111,5,1510
8643,5,NA
8641,5,NA
8638,5,NA
14015,146,NA
13972,10,NA
8084,146,NA
8317,5,NA
8636,5,NA
8646,5,NA
8645,5,NA
13366,4,NA
85,4,2268
8640,5,NA
13233,145,NA
13292,2,NA
13305,196,NA
8532,5,NA
8647,5,NA
8650,5,NA
8648,5,NA
8642,5,NA
8058,4,NA
8649,5,NA
8651,144,NA
1586,10,NA
8046,10,NA
1337,10,NA
9342,153,NA
8057,10,NA
1426,122,NA
13241,196,NA
8056,6,NA
13209,145,NA
13226,196,NA
12279,6,NA
13309,6,NA
1461,10,NA
13247,196,NA
13218,145,NA
13966,176,NA
13991,5,NA
13968,10,NA
1600,4,NA
13217,5,NA
13997,6,NA
14031,4,NA
1347,10,NA
8548,5,NA
13221,145,NA
8075,10,NA
8051,10,NA
13973,176,NA
14013,4,NA
8050,10,NA
13977,10,NA
147,1,1322
8067,10,NA
14026,4,NA
8053,6,NA
8063,203,NA
8068,3,NA
13963,145,NA
14004,145,NA
13984,176,NA
8547,4,NA
13998,145,NA
13982,146,NA
13372,4,NA
8764,10,NA
14012,146,NA
1476,10,NA
13291,6,NA
1373,10,NA
8060,4,NA
7502,5,NA
13265,5,NA
1488,10,NA
1475,10,NA
13261,11,NA
13274,5,NA
13239,138,NA
13220,5,NA
13245,138,NA
13253,11,NA
8079,145,NA
8204,4,NA
8071,10,NA
8073,4,NA
8064,10,NA
8083,146,NA
8072,10,NA
13222,196,2648
8086,10,NA
13990,145,NA
13294,6,NA
13980,10,NA
13329,5,NA
8226,5,NA
8069,10,NA
13237,145,NA
12769,6,NA
13258,5,NA
13267,5,NA
13231,145,NA
8293,5,NA
12753,138,NA
12760,5,NA
12741,176,NA
12770,203,NA
13224,196,NA
13269,196,NA
13235,196,NA
13281,5,NA
13311,199,NA
13289,6,NA
13270,5,NA
13300,6,NA
13303,6,NA
1379,10,NA
12292,4,NA
7724,2,NA
8211,5,NA
1577,10,NA
8070,6,NA
12270,199,NA
1377,10,NA
8076,6,NA
12268,199,NA
13975,10,NA
13225,196,NA
12306,5,NA
13228,196,NA
13238,196,NA
13232,196,NA
13243,196,NA
12333,199,NA
12327,144,NA
12285,199,NA
8085,4,NA
8114,10,NA
13348,3,NA
1382,10,NA
8578,5,NA
8584,5,NA
8581,5,NA
1585,10,NA
8077,6,NA
8074,10,NA
8121,10,NA
13256,11,NA
13244,145,NA
13260,196,NA
13297,6,NA
13355,4,NA
13336,10,NA
13353,4,NA
13334,4,NA
13310,200,NA
13282,10,NA
8100,6,NA
8115,6,NA
13246,196,NA
8101,10,NA
8091,10,NA
8103,6,NA
8094,4,NA
8088,10,NA
8124,10,NA
13248,138,NA
8113,4,NA
8089,10,NA
8589,5,NA
13313,144,NA
8090,10,NA
8587,5,NA
8596,5,NA
8586,5,NA
8096,6,NA
1847,12,NA
8110,10,NA
13277,5,NA
8098,6,NA
8097,10,NA
8122,10,NA
13318,144,NA
13254,5,NA
13279,5,NA
13307,6,NA
13257,196,NA
13283,5,NA
13259,196,NA
13249,196,NA
13264,196,NA
13290,6,NA
13266,196,NA
8597,3,NA
13255,196,NA
13314,144,NA
13330,6,NA
13287,6,NA
2094,11,NA
8206,4,NA
2235,2,NA
2244,5,NA
2237,2,NA
2075,11,NA
2239,2,NA
13276,5,NA
8108,10,NA
8105,10,NA
1943,12,NA
8092,10,NA
13981,176,NA
13324,6,NA
14061,176,NA
14064,2,NA
2071,2,NA
8095,10,NA
2072,11,NA
2240,2,NA
8205,4,NA
13284,5,NA
13322,153,NA
13286,10,NA
13325,153,NA
2245,5,NA
8107,4,NA
2242,5,NA
1398,10,NA
1424,122,NA
8624,5,NA
1949,2,NA
13378,4,NA
13385,4,NA
13374,4,NA
14007,4,NA
14005,146,NA
1508,4,NA
13339,3,NA
7713,2,NA
26,5,1498
1554,10,NA
8625,5,NA
2073,11,NA
13262,196,NA
13263,5,NA
13273,5,NA
13278,5,NA
13293,6,NA
13295,2,NA
8621,5,NA
1401,10,NA
8104,4,NA
1368,10,NA
984,53,1877
8267,3,NA
8935,3,NA
1362,10,NA
14496,199,NA
8099,6,NA
1374,10,NA
13280,5,NA
13386,4,NA
8111,10,NA
8102,10,NA
8109,10,NA
13308,6,NA
13299,196,NA
13347,4,NA
13304,196,NA
13361,4,NA
13995,6,NA
13349,4,NA
13344,3,NA
13345,4,NA
13351,4,NA
13335,10,NA
13317,144,NA
13354,4,NA
13356,4,NA
13363,2,NA
13326,6,NA
13312,199,NA
13371,4,NA
13251,196,NA
13373,4,NA
13271,5,NA
1785,5,2104
8887,146,NA
8872,146,NA
8888,146,NA
1453,4,NA
13358,4,NA
8126,10,NA
13296,6,NA
1402,10,NA
8117,10,NA
8125,10,NA
13352,4,NA
8123,10,NA
8116,3,NA
1246,5,2079
2549,103,1863
8119,6,NA
13328,6,NA
648,2,242
13360,2,NA
13315,144,NA
13331,10,NA
13384,4,NA
8537,5,NA
8207,5,NA
8541,5,NA
8540,5,NA
8536,5,NA
13302,196,NA
13341,4,NA
13370,4,NA
14018,146,NA
8081,146,NA
13301,3,NA
7501,146,NA
8209,5,NA
14488,6,NA
14544,3,NA
14545,10,NA
14546,199,NA
14020,146,NA
14019,146,NA
14030,153,NA
14034,153,NA
14017,146,NA
14000,6,NA
14010,4,NA
14009,6,NA
2050,40,1484
95,3,1426
14002,145,NA
14008,176,NA
14011,176,NA
8878,146,NA
8884,146,NA
8892,146,NA
8899,3,NA
14014,146,NA
8601,5,NA
8602,5,NA
13319,144,NA
14056,3,NA
8603,5,NA
8612,5,NA
14003,6,NA
1633,6,NA
14016,4,NA
14006,6,NA
14025,3,NA
973,3,1180
1024,2,504
1354,10,NA
8215,5,NA
8216,5,NA
8214,5,NA
13387,4,NA
1420,122,NA
13316,4,NA
13337,3,NA
13369,4,NA
13375,4,NA
14040,4,NA
13332,145,NA
13252,196,NA
13362,145,NA
13327,145,NA
12320,144,NA
12313,10,NA
13338,4,NA
13323,153,NA
13333,10,NA
14502,201,NA
652,17,244
14045,3,NA
13377,4,NA
14043,144,NA
13340,145,NA
12325,3,NA
1503,10,NA
8213,5,NA
8212,5,NA
1432,122,NA
14021,146,NA
1182,5,979
8227,146,NA
8678,128,NA
1409,10,NA
13376,4,NA
7701,2,NA
7716,2,NA
14039,176,NA
13382,4,NA
8261,5,NA
7714,144,NA
14051,3,NA
14058,3,NA
14048,144,NA
460,47,1536
8263,3,NA
8264,5,NA
14033,3,NA
13383,4,NA
8677,128,NA
8225,5,NA
14049,3,NA
14052,144,NA
8233,146,NA
8840,146,NA
8837,146,NA
8831,146,NA
2230,73,1551
14060,144,NA
14022,6,NA
13343,4,NA
14023,4,NA
8258,5,NA
13364,4,NA
13350,4,NA
14035,176,NA
14024,153,NA
14044,4,NA
13359,2,NA
7965,10,NA
7339,144,NA
7344,144,NA
13379,4,NA
7349,144,NA
13368,2,NA
13381,4,NA
14042,176,NA
14036,4,NA
13380,4,NA
14063,176,NA
7355,10,NA
7351,10,NA
45,5,1280
12277,2,NA
7519,10,NA
8228,146,NA
14057,144,NA
14046,176,NA
14050,176,NA
14037,3,NA
14054,4,NA
590,150,1925
14062,2,NA
14041,3,NA
9507,144,NA
8408,3,NA
8675,160,NA
8702,173,NA
8689,165,NA
8610,5,NA
1926,146,NA
8836,146,NA
901,2,783
8912,3,NA
7323,144,NA
7731,146,NA
694,73,696
8656,154,NA
8218,5,NA
14489,6,NA
8217,5,NA
8230,146,NA
8229,146,NA
8830,146,NA
8839,146,NA
8901,3,NA
1005,2,489
886,29,412
8232,3,NA
9129,2,2452
8815,2,2455
8879,146,NA
8885,146,NA
8243,3,NA
7639,4,NA
1852,4,NA
8235,146,NA
8247,146,NA
8239,146,NA
8705,174,NA
8688,165,NA
8703,174,NA
8655,154,NA
8219,146,NA
8242,5,NA
819,6,1631
2514,5,1810
8234,5,NA
8238,5,NA
7637,4,NA
7732,2,NA
8271,3,NA
7718,145,NA
7736,146,NA
7738,2,NA
8288,5,NA
8292,146,NA
8279,146,NA
8272,3,NA
12323,144,NA
9238,145,NA
8278,3,NA
8449,2,NA
8270,3,NA
7733,2,NA
8722,244,NA
7645,4,NA
8875,146,NA
9591,153,NA
8274,3,NA
8280,5,NA
7459,4,NA
8120,10,NA
597,38,207
855,2,387
13064,185,2651
554,4,180
12330,199,NA
12336,11,NA
7320,144,NA
9023,4,NA
542,17,173
1743,10,NA
13105,5,NA
12265,68,NA
12284,2,NA
12288,185,NA
12299,144,NA
12317,3,NA
8237,5,NA
9339,153,NA
7869,3,NA
12315,146,NA
12328,3,NA
13146,10,NA
8730,185,2189
8835,146,NA
8950,3,NA
205,4,2123
1101,17,894
666,2,685
793,5,1097
12296,144,NA
12263,11,NA
12278,6,NA
12267,11,NA
12282,10,NA
12266,11,NA
12280,199,NA
8221,146,NA
12271,199,NA
8670,159,NA
8679,128,NA
8672,136,NA
8659,155,NA
12311,10,NA
12319,146,NA
8222,146,NA
8712,177,NA
8698,170,NA
8714,178,NA
9589,146,NA
8530,5,NA
8667,158,NA
12273,144,NA
12314,5,2671
12326,144,NA
9305,153,NA
8666,158,NA
8665,158,NA
8696,169,NA
8657,155,NA
8663,157,NA
8733,9,NA
8701,172,NA
8680,161,NA
8668,159,NA
8673,136,NA
8699,170,NA
8704,174,NA
8674,160,NA
8700,171,NA
8661,156,NA
8662,156,NA
8695,169,NA
8736,9,NA
8716,179,NA
8726,183,NA
8728,185,NA
12332,145,NA
12334,4,NA
8897,3,NA
391,3,564
12305,10,NA
12304,5,NA
8694,169,NA
8669,240,NA
8706,175,NA
8690,166,NA
8720,180,NA
8723,182,NA
8732,185,NA
7756,2,NA
8725,183,NA
8717,179,NA
8715,178,NA
8713,178,NA
8721,180,NA
8711,177,NA
8718,179,NA
8710,177,NA
13144,10,NA
8729,185,NA
8731,185,NA
8727,184,NA
8742,9,NA
8743,9,NA
2234,2,NA
8746,9,NA
12308,5,NA
7779,2,NA
8724,183,NA
8719,226,NA
8735,209,NA
8533,5,NA
12309,5,NA
8833,146,NA
9562,144,2289
8832,146,NA
8838,146,NA
8895,3,NA
8890,146,NA
8896,3,NA
8900,3,NA
8886,146,NA
8934,3,NA
8936,3,NA
8933,3,NA
8940,3,NA
8951,3,NA
8891,146,NA
8928,3,NA
8944,3,NA
8947,3,NA
8939,3,NA
12417,144,NA
8953,3,NA
8946,3,NA
8945,3,NA
8932,3,NA
8905,3,NA
12428,10,NA
12361,201,NA
8059,247,NA
8948,3,NA
12343,2,NA
12355,4,NA
8943,144,NA
8889,146,NA
8877,146,NA
8956,3,NA
8626,5,NA
8955,3,NA
8957,144,NA
12338,4,NA
9003,3,NA
8970,3,NA
8963,3,NA
9004,3,NA
12349,2,NA
8998,3,NA
9018,4,NA
9000,3,NA
8996,3,NA
8961,3,NA
12437,145,NA
12435,145,NA
12352,2,NA
12339,11,NA
12353,4,NA
12341,247,NA
12345,247,NA
12347,247,NA
12346,2,NA
12354,4,NA
12340,4,NA
12344,2,NA
12351,2,NA
8999,3,NA
8960,3,NA
8997,3,NA
9008,3,NA
8971,3,NA
8968,3,NA
9006,3,NA
8962,3,NA
8959,3,NA
8964,3,NA
8965,3,NA
9009,3,NA
8967,3,NA
9021,4,NA
9087,4,NA
9048,4,NA
9002,3,NA
9051,4,NA
9069,4,NA
9077,4,NA
9064,4,NA
9045,4,NA
9057,4,NA
9083,4,NA
9036,4,NA
9063,4,NA
9040,4,NA
9058,4,NA
9055,4,NA
9060,4,NA
12447,2,NA
9066,4,NA
9090,4,NA
9049,4,NA
12387,145,NA
9053,4,NA
8969,3,NA
9001,3,NA
1070,67,870
12369,199,NA
12381,10,NA
9088,4,NA
9089,4,NA
12356,4,NA
12413,199,NA
9141,145,NA
8466,4,NA
9372,153,NA
9135,145,NA
9130,2,NA
9136,145,NA
9117,2,NA
9118,2,NA
8465,4,NA
9111,2,NA
9137,145,NA
9148,145,NA
9150,145,NA
9115,2,NA
9128,2,NA
9134,145,NA
9139,145,NA
9133,145,NA
9112,2,NA
9151,145,NA
9110,2,NA
9156,145,NA
9131,145,NA
9121,2,NA
9124,2,NA
12380,10,NA
9127,2,NA
9116,2,NA
12363,146,NA
9155,145,NA
12377,5,NA
12360,146,NA
12378,5,NA
12374,144,NA
14547,10,NA
12362,201,NA
12359,201,NA
12372,144,NA
12382,10,NA
12368,199,NA
12370,199,NA
12367,199,NA
9152,145,NA
9123,2,NA
9113,2,NA
9154,145,NA
9132,145,NA
9184,145,NA
9203,145,NA
9219,145,NA
9176,145,NA
9212,145,NA
9215,145,NA
9188,145,NA
9180,145,NA
9167,145,NA
9210,145,NA
9196,145,NA
9178,145,NA
9216,145,NA
9159,145,NA
9166,145,NA
9183,145,NA
9199,145,NA
9179,145,NA
9200,145,NA
9189,145,NA
9191,145,NA
9205,145,NA
9194,145,NA
9213,145,NA
9211,145,NA
9174,145,NA
9190,145,NA
9201,145,NA
9208,145,NA
9173,145,NA
9185,145,NA
9182,145,NA
9281,6,NA
9288,6,NA
9279,6,NA
9259,145,NA
9283,6,NA
9251,145,NA
9244,145,NA
9276,6,NA
9258,145,NA
9207,145,NA
9168,3,NA
9170,145,NA
9282,6,NA
12403,201,NA
9260,145,NA
9257,145,NA
9274,6,NA
9290,6,NA
9253,145,NA
9246,145,NA
9293,153,NA
9275,6,NA
9284,6,NA
9289,6,NA
9277,6,NA
9309,153,NA
9294,153,NA
9315,153,NA
9297,153,NA
9292,153,NA
12389,145,NA
9310,153,NA
9303,153,NA
9312,153,NA
9307,153,NA
9314,153,NA
9300,153,NA
9308,153,NA
9299,153,NA
9380,153,NA
9379,153,NA
9311,153,NA
8469,4,NA
9295,153,NA
9296,153,NA
9304,153,NA
9301,153,NA
12388,145,NA
9254,222,NA
12390,4,NA
12386,3,NA
9250,145,NA
12384,3,NA
12424,5,NA
12430,3,NA
12421,5,NA
12401,201,NA
9391,189,NA
9376,153,NA
14317,144,NA
14315,5,NA
14414,2,NA
12463,145,NA
9505,144,NA
1446,4,NA
9362,153,NA
9364,153,NA
9366,153,NA
9383,6,NA
9375,153,NA
9373,153,NA
9385,6,NA
9392,189,NA
9378,153,NA
9367,153,NA
9371,153,NA
9345,153,NA
9368,153,NA
9369,153,NA
9360,153,NA
9358,153,NA
9390,189,NA
9359,153,NA
9377,153,NA
9363,153,NA
9374,153,NA
9393,189,NA
9389,150,NA
9361,153,NA
9370,153,NA
9384,6,NA
9382,153,NA
9365,153,NA
9381,11,NA
8539,5,NA
12547,144,NA
12348,247,NA
2212,67,1541
12565,145,2492
14242,177,NA
12446,2,NA
8575,5,NA
12407,247,NA
12436,145,NA
12450,2,NA
365,2,1979
12425,5,NA
14435,146,NA
7775,2,NA
8620,5,NA
12397,2,NA
12462,145,NA
12434,145,NA
975,2,820
12419,144,NA
12422,5,NA
12405,247,NA
12408,247,NA
12410,199,NA
12411,199,NA
12412,199,NA
12415,199,NA
12414,199,NA
12455,2,NA
12416,144,NA
12423,5,NA
12426,10,NA
12427,10,NA
12429,3,NA
12404,247,NA
12393,4,NA
12402,201,NA
12399,201,NA
1404,10,NA
12439,145,NA
1522,4,2402
12438,145,NA
692,1,1197
12432,3,NA
7455,4,NA
14446,5,NA
12449,2,NA
12448,2,NA
14066,5,NA
604,62,212
87,5,1592
1531,4,2590
512,134,1789
12729,11,NA
12444,4,NA
12441,4,NA
8514,144,NA
7821,3,NA
14455,3,NA
14457,146,NA
14458,146,NA
7664,2,NA
7757,2,NA
14081,145,NA
7356,6,2211
810,67,358
9099,4,NA
8142,4,NA
12213,69,NA
14441,4,NA
7820,3,NA
8208,5,NA
12860,2,NA
12396,2,NA
12461,145,NA
945,91,2027
7512,10,NA
7527,2,NA
9218,145,NA
7521,10,NA
8367,5,NA
161,2,1077
9249,4,NA
7347,144,NA
14426,3,NA
944,9,451
12458,4,NA
8159,4,NA
12451,185,NA
14450,2,NA
623,73,660
12456,2,NA
349,67,542
1276,144,1236
1280,5,1244
12478,10,NA
7616,2,2085
1579,10,NA
12506,11,NA
766,52,328
284,5,NA
12454,2,NA
114,5,1392
12459,4,NA
12457,4,NA
9460,144,NA
12474,10,NA
12464,145,NA
13432,203,NA
1239,7,1119
12465,145,NA
12862,2,NA
12468,3,NA
7722,2,NA
12482,5,NA
12483,5,NA
14065,5,NA
377,150,57
884,81,776
12466,3,NA
12471,146,NA
12479,10,NA
14487,6,NA
1399,10,NA
12480,5,NA
14507,144,NA
12470,146,NA
12477,10,NA
12794,199,NA
7706,2,NA
14069,10,NA
532,4,167
12476,10,NA
12472,146,NA
1335,10,NA
1429,122,NA
14145,217,NA
1501,10,NA
8007,10,NA
2211,4,1540
12495,144,NA
12527,144,NA
12531,10,NA
12544,138,NA
1039,2,518
9552,144,NA
9418,144,NA
9125,2,NA
8857,146,NA
14068,10,NA
1228,1,1083
155,3,1363
13901,144,2569
1423,3,NA
291,4,NA
12795,11,NA
9405,144,NA
12581,138,NA
8639,5,2237
2817,225,1933
13416,203,NA
13464,144,NA
1464,10,NA
12490,185,NA
14078,145,NA
1415,117,NA
12737,176,NA
12744,138,NA
2489,162,1753
175,4,1355
9464,144,2568
9126,2,NA
12500,185,NA
12557,9,NA
12575,144,NA
7608,4,NA
13470,144,NA
8580,5,2138
8653,145,NA
14074,145,NA
12757,10,NA
8949,3,NA
7934,6,NA
13440,10,NA
806,2,354
9590,2,NA
13400,146,NA
12748,138,NA
1472,10,NA
13455,10,NA
14079,145,NA
8324,146,NA
8976,3,NA
1188,146,993
12487,10,NA
12492,5,NA
12509,144,NA
8526,5,NA
13459,5,NA
8637,5,2522
2267,2,NA
8220,146,NA
9081,4,2267
12755,138,NA
1609,4,1792
9114,2,NA
13401,146,NA
13402,3,NA
13403,3,NA
2092,11,NA
8078,146,NA
1581,10,NA
13404,145,NA
13405,145,NA
13406,145,NA
940,2,449
319,2,1990
12513,5,NA
12523,138,NA
12572,2,NA
12541,138,NA
1397,10,NA
8195,4,NA
1357,10,NA
1416,122,NA
12779,153,NA
7971,10,NA
12759,203,NA
13408,4,NA
13412,2,NA
14122,3,NA
8873,146,NA
13392,6,NA
13394,5,NA
13444,203,NA
13473,144,NA
1332,5,NA
680,4,1144
13471,5,NA
13390,144,NA
696,2,697
12515,10,NA
12517,3,NA
14112,144,NA
9531,144,NA
7539,146,NA
13457,10,NA
13407,4,NA
13434,10,NA
13451,203,NA
13469,144,NA
13396,5,NA
13413,145,NA
13453,10,NA
13421,203,2676
13388,11,NA
13427,10,NA
13472,144,NA
13393,6,NA
13389,11,NA
12580,6,NA
13443,5,NA
13430,203,NA
13411,2,NA
12738,176,NA
14098,213,NA
12494,6,NA
14201,191,NA
14100,3,NA
14179,176,NA
7717,2,NA
13449,5,NA
13409,2,NA
13429,203,NA
13463,5,NA
13422,145,NA
8166,146,NA
12727,11,NA
13410,145,NA
13395,5,NA
13397,10,NA
13398,10,NA
13458,153,NA
13425,10,NA
12560,3,NA
1329,10,NA
12750,138,NA
13439,203,NA
13415,145,NA
13435,145,NA
12774,6,NA
13445,10,NA
12734,176,NA
12742,138,NA
13450,10,NA
12728,11,NA
12749,138,NA
12777,153,NA
13461,153,NA
12735,176,NA
13467,144,NA
12754,138,NA
12743,11,NA
12740,11,NA
12488,10,NA
12520,2,NA
12570,2,NA
14135,3,NA
14452,2,NA
12568,4,NA
12746,138,NA
13437,203,NA
13465,145,NA
13426,203,NA
12736,11,NA
13442,10,NA
14485,6,NA
12497,144,NA
12498,144,NA
1491,10,NA
8333,146,NA
12762,203,NA
12733,176,NA
13414,145,NA
12730,11,NA
12616,5,NA
12589,5,NA
12610,6,NA
9822,117,2083
361,3,550
2447,5,2627
7337,144,2096
281,4,1669
8082,4,NA
7829,2,NA
12499,199,NA
12501,199,NA
7915,3,NA
13448,203,NA
13447,145,NA
12525,199,NA
12530,10,NA
13423,10,NA
12533,3,NA
13431,10,NA
13428,203,NA
13433,203,NA
13438,10,NA
13441,203,NA
13446,203,NA
13452,203,NA
13454,203,NA
12608,6,NA
14456,3,NA
14077,3,NA
822,78,365
13466,144,NA
12504,11,NA
12512,5,NA
12514,10,NA
12521,138,NA
12524,199,NA
2060,4,NA
12571,138,NA
12751,138,NA
12752,138,NA
14505,185,NA
14070,2,NA
14075,3,NA
14083,145,NA
14082,3,NA
397,37,565
981,2,474
617,2,222
950,3,1123
13689,201,NA
14524,201,NA
14073,3,NA
13460,10,NA
12731,11,NA
12574,2,NA
13694,201,NA
12496,144,NA
12732,11,NA
12594,176,NA
14519,201,NA
12767,5,NA
12787,144,NA
12867,2,NA
14341,185,2550
1376,10,NA
12768,203,NA
12510,144,NA
12550,144,NA
12522,138,NA
12548,138,NA
12561,9,NA
2322,6,NA
12970,11,NA
14071,3,NA
12717,145,NA
12529,153,NA
14203,176,NA
609,2,216
14072,3,NA
14076,3,NA
635,2,230
2818,5,2173
567,4,1030
8598,5,2166
744,1,311
12556,10,NA
12542,11,NA
1489,10,NA
12503,199,NA
12357,146,NA
12508,200,NA
12507,11,NA
12535,145,NA
14080,3,NA
14086,145,NA
9462,144,2300
765,4,327
12511,5,NA
12486,10,NA
12518,3,NA
12532,3,NA
14090,145,NA
14088,145,NA
14093,145,NA
14091,145,NA
14092,145,NA
14084,3,NA
14087,3,NA
14085,3,NA
14094,145,NA
14096,3,NA
14095,3,NA
14097,3,NA
14124,214,NA
12576,138,NA
12764,5,NA
14110,3,NA
12761,203,NA
12763,203,NA
12782,199,NA
14114,3,NA
8749,213,NA
14158,219,NA
12776,6,NA
14154,11,NA
14162,11,NA
12756,10,NA
14183,199,NA
14207,176,NA
14153,3,NA
12540,138,NA
14120,3,NA
12549,138,NA
849,2,383
12567,138,NA
14164,176,NA
14130,203,NA
14103,3,NA
8297,5,NA
14109,169,NA
12502,199,NA
1061,72,861
869,2,398
14185,176,NA
382,4,558
14104,3,NA
12591,5,NA
12585,176,NA
12599,144,NA
1663,4,1739
14099,213,NA
14123,214,NA
14133,215,NA
643,2,1165
982,4,475
14106,169,NA
13320,153,NA
14152,218,NA
14126,214,NA
12586,176,NA
12569,144,NA
14157,219,NA
12526,199,NA
14134,215,NA
12534,145,NA
14184,176,NA
14212,200,NA
14182,176,NA
14173,176,NA
14102,3,NA
14155,11,NA
14172,11,NA
14141,3,NA
14105,3,NA
14101,3,NA
14197,221,NA
14204,222,NA
14206,176,NA
14208,223,NA
14214,176,NA
14216,176,NA
805,144,353
14119,3,NA
14194,176,NA
14177,176,NA
14171,176,NA
12775,6,NA
14196,221,NA
14599,203,NA
14116,3,NA
14111,3,NA
12593,176,NA
12631,6,NA
2522,2,1827
12543,138,NA
12539,11,NA
428,4,96
12566,4,NA
12546,138,NA
14118,3,NA
12773,6,NA
12553,138,NA
12558,138,NA
12578,6,NA
14107,169,NA
12551,11,NA
12564,138,NA
12579,138,NA
12537,2,NA
12545,144,NA
14127,203,2669
7541,146,NA
12554,6,NA
14115,3,NA
12783,199,NA
14117,3,NA
14132,215,NA
12573,138,NA
12784,144,NA
779,2,338
12758,203,NA
14139,203,NA
12765,203,NA
14166,176,NA
12781,153,NA
14137,216,NA
14174,176,NA
14138,216,NA
12771,203,2664
14188,176,NA
14202,191,NA
14140,216,NA
14175,176,NA
14168,176,NA
14121,203,2673
9724,5,2182
856,2,1528
2259,43,1558
14151,11,NA
14142,203,NA
14144,203,NA
14148,3,NA
14129,3,NA
14128,3,NA
14125,3,NA
14193,199,NA
14180,199,NA
14195,199,NA
14169,176,NA
14192,176,NA
423,2,572
14160,11,NA
14136,203,NA
12780,153,NA
14147,3,NA
7672,2,NA
413,2,84
12786,199,NA
1647,4,1812
792,5,1968
12778,153,NA
13156,146,NA
261,3,NA
1623,6,NA
8127,6,NA
952,45,1860
12577,144,NA
14187,176,NA
14146,217,NA
25,2,1680
14167,176,NA
14165,11,NA
7629,4,NA
14209,223,NA
12801,11,NA
14211,223,NA
163,2,1326
469,4,126
12806,185,NA
12791,199,NA
14150,218,NA
14181,176,NA
12785,199,NA
12714,145,NA
12790,144,NA
14190,199,NA
12792,144,NA
12800,11,NA
12797,11,NA
14149,3,NA
14161,176,NA
14189,176,NA
14213,176,NA
14191,199,NA
12789,199,NA
14143,3,NA
1161,1,943
9494,220,NA
14198,176,NA
12803,11,NA
12796,199,NA
12584,5,NA
12627,6,NA
1951,2,NA
12866,2,NA
12798,199,NA
273,5,NA
14159,219,NA
14176,176,NA
14156,3,NA
14200,176,NA
12799,199,NA
12563,138,NA
1305,2,953
917,98,437
12600,2,NA
14215,176,NA
12365,247,NA
14205,222,NA
14178,199,NA
14501,201,NA
933,5,2345
12491,5,2434
13936,146,2628
7354,10,2643
435,4,103
629,38,226
13937,3,2412
12802,11,NA
7769,2,NA
14199,191,NA
12364,247,NA
12366,247,NA
12592,176,NA
12590,176,NA
12588,176,NA
12611,2,NA
12583,6,NA
7480,145,2221
1970,2,2603
12598,2,NA
12982,5,2500
14333,203,NA
12634,144,NA
12637,153,NA
12635,153,NA
8265,176,NA
12595,146,NA
12596,146,NA
12597,146,NA
12289,185,NA
12615,145,NA
12493,6,NA
12632,144,NA
12607,6,NA
14210,176,NA
12301,144,2429
12623,145,NA
8355,146,2273
12286,2,NA
14499,201,NA
12620,146,NA
12903,4,2504
7728,2,NA
12621,146,NA
12614,145,NA
12626,4,NA
14219,176,NA
344,2,35
12804,185,NA
14217,224,NA
14301,3,NA
7693,2,NA
678,144,687
13592,6,NA
14336,203,NA
1027,4,2029
1746,10,NA
14218,224,NA
14221,176,NA
14220,224,NA
12807,185,NA
2043,23,1486
12808,185,NA
971,3,817
731,2,2315
12376,144,2486
968,7,1233
256,5,2496
398,4,2199
2076,201,NA
13703,201,NA
311,4,941
8399,152,NA
12617,10,NA
12613,5,NA
12624,6,NA
12650,144,NA
2530,3,1834
12838,2,NA
12840,2,NA
7690,6,NA
14510,10,NA
14498,201,NA
14500,201,NA
12612,2,NA
433,100,101
339,7,1177
7852,2,2249
12379,5,NA
13594,3,2542
12601,144,NA
522,4,2053
12604,2,NA
12619,10,NA
12603,3,NA
12606,3,NA
14506,185,NA
12618,10,NA
7513,10,NA
201,131,1086
509,4,617
1500,10,NA
12602,2,NA
12358,146,NA
12622,145,NA
12633,6,NA
12641,144,NA
12375,144,NA
12628,4,NA
745,2,312
12625,145,NA
12383,10,NA
12636,153,NA
13734,201,NA
14509,5,NA
1677,6,NA
14491,144,NA
12640,2,NA
1895,146,NA
14520,201,NA
14548,11,NA
12629,6,NA
12536,138,NA
1133,2,2219
1739,10,NA
12516,10,NA
2819,147,1928
12644,144,NA
12646,2,NA
12684,200,NA
9138,6,NA
12844,138,NA
123,2,1776
12287,2,2444
12652,2,NA
12663,138,NA
12653,199,NA
419,2,90
12659,199,NA
12651,153,NA
14535,201,NA
12660,199,NA
12649,2,NA
14286,2,NA
12642,2,NA
12647,153,NA
14293,4,NA
14537,201,NA
12661,5,NA
14538,201,NA
14539,201,NA
14540,201,NA
12836,199,NA
12822,203,NA
12839,199,NA
14047,3,NA
12664,5,NA
1222,2,1064
1473,10,NA
12665,138,NA
12645,2,NA
12505,11,NA
751,2,318
12643,144,NA
12654,6,NA
2479,3,1735
12657,6,NA
12656,199,NA
12655,6,NA
9424,144,NA
14515,144,NA
14447,5,NA
12658,199,NA
12662,138,NA
12395,2,2485
14326,9,NA
7618,2,2105
547,68,2220
7315,144,2530
956,2,810
12817,203,NA
14353,208,NA
254,2,1429
739,56,307
8474,2,2310
12237,165,2378
864,2,396
106,5,2626
12467,3,NA
432,2,100
285,2,1293
14482,11,NA
9428,144,2234
324,144,2326
8510,185,2189
1560,144,2421
4448,4,1996
536,62,1997
8930,3,2438
13,5,2623
2012,11,2188
127,2,2239
790,53,733
1205,5,1023
885,99,411
796,69,349
12811,196,NA
14526,201,NA
12469,146,NA
14530,201,NA
14533,201,NA
12293,6,NA
2080,2,1790
7677,2,2427
920,3,789
14521,201,NA
12810,201,NA
8708,246,2087
7316,144,2531
196,5,1764
7336,144,2097
2210,5,2043
14451,5,NA
12814,196,NA
14299,3,NA
8595,5,2436
2263,144,1817
1019,6,838
530,2,165
22,5,1251
12841,199,NA
14295,145,NA
1898,146,NA
12816,196,NA
14283,2,NA
14288,4,NA
14291,4,NA
14522,201,NA
14523,201,NA
14531,201,NA
1506,10,NA
12812,196,NA
14297,145,NA
1635,4,1787
14525,201,NA
14528,201,NA
14532,201,NA
7,5,1226
1412,10,NA
1827,12,NA
14292,4,NA
14325,199,NA
14321,144,NA
14316,5,NA
14314,5,NA
8396,144,NA
12813,196,NA
12815,196,NA
12818,203,NA
12819,203,NA
14529,201,NA
12820,203,NA
1384,10,NA
14285,2,NA
14513,145,NA
14289,4,NA
12826,203,NA
12821,203,NA
14324,2,NA
14296,145,NA
14367,239,NA
14354,2,NA
14313,5,NA
14342,9,NA
926,2,442
12830,199,NA
12823,203,NA
12824,203,NA
12829,4,NA
12825,203,NA
12832,199,NA
12834,199,NA
12835,2,NA
12837,199,NA
12842,199,NA
1407,10,NA
2521,117,1826
13683,145,NA
8561,3,NA
359,53,549
2515,5,2215
194,2,1400
13045,144,NA
1741,10,NA
12846,138,NA
14319,144,NA
14318,144,NA
14312,5,NA
14309,10,NA
14308,10,NA
14307,10,NA
14306,10,NA
1341,10,NA
8522,5,NA
579,4,196
803,53,741
14310,5,NA
12877,2,NA
14298,145,NA
60,10,1726
14330,199,NA
14300,3,NA
14329,199,NA
14328,199,NA
14327,199,NA
1701,6,NA
14360,237,NA
1952,2,1571
14344,2,NA
608,5,1225
14332,203,NA
14322,144,NA
13638,4,2547
471,83,127
14349,2,NA
14410,4,NA
14350,9,NA
14340,203,NA
14338,203,NA
14337,203,NA
14287,4,NA
14290,4,NA
14305,10,NA
14304,3,NA
14303,3,NA
14302,3,NA
13507,203,2660
906,2,1688
7652,2,2314
14359,236,NA
14369,240,NA
14372,241,NA
14375,243,NA
14380,183,NA
14382,244,NA
14388,10,NA
14385,6,NA
1493,10,NA
1425,122,NA
416,2,87
14067,5,2472
14346,210,NA
14364,144,NA
14352,209,NA
8686,207,NA
14358,236,NA
14374,243,NA
14356,2,NA
14415,2,NA
8622,5,NA
14413,2,NA
993,2,828
909,176,1976
931,2,444
1856,8,1458
13554,6,NA
14365,144,NA
14379,183,NA
14368,239,NA
14384,245,NA
14391,146,NA
14370,240,NA
14433,146,NA
1748,10,NA
113,5,1641
866,2,768
555,85,636
2361,5,NA
14407,145,NA
9504,2,NA
14400,145,NA
14516,3,NA
14517,5,NA
14362,238,NA
14363,238,NA
12925,5,NA
14371,241,NA
14394,145,NA
14398,145,NA
14405,4,NA
769,78,329
8827,146,2272
1355,10,NA
14376,176,NA
14396,145,NA
286,2,NA
14366,239,NA
1640,4,1786
234,5,1445
2109,2,2481
303,196,2546
683,1,269
14390,10,NA
14383,244,NA
1438,4,NA
9252,145,2369
2110,2,1973
2450,4,1635
9247,145,2323
14373,243,NA
12859,2,NA
12892,2,NA
12847,138,NA
14377,176,NA
14387,6,NA
14434,146,NA
14436,146,NA
558,3,1985
7785,4,NA
690,2,274
7453,144,2394
14378,176,NA
12300,10,NA
14403,3,NA
14386,245,NA
14401,3,NA
14392,146,NA
12303,10,NA
33,4,2599
14393,4,NA
12302,10,NA
14438,10,NA
14437,4,NA
12963,138,NA
317,4,528
14411,4,2470
1605,4,2071
14444,2,NA
12961,138,NA
14113,3,NA
14402,3,NA
14406,145,NA
14381,144,NA
12272,2,NA
12322,144,NA
14397,2,NA
14389,10,NA
1063,37,862
1257,4,1198
14424,4,NA
14431,146,NA
14432,146,NA
14445,2,NA
580,4,1304
8236,146,NA
1752,10,NA
7487,6,NA
12335,11,NA
14443,4,NA
14442,10,NA
14449,5,NA
12264,2,NA
9430,144,2563
12696,4,NA
14409,4,NA
12700,4,NA
14408,4,NA
14404,145,NA
14416,2,NA
14419,2,NA
14420,2,NA
14421,2,NA
14422,4,NA
14423,3,NA
14425,4,NA
12848,2,NA
12849,2,NA
14430,146,NA
14448,5,NA
12852,2,NA
9193,145,2465
14453,145,NA
12851,138,NA
14429,145,NA
14454,3,NA
12853,2,NA
12854,2,NA
14427,4,NA
249,17,1412
400,4,73
14462,3,NA
14459,146,NA
14460,146,NA
14461,10,NA
14463,5,NA
14473,144,NA
14428,3,2446
500,2,147
2644,2,1909
14481,11,NA
350,4,38
107,2,2604
14466,6,NA
14467,6,NA
14468,6,NA
14465,6,NA
14469,153,NA
177,5,2337
485,4,606
919,5,1295
970,5,2106
14470,153,NA
14480,11,NA
14493,199,NA
14471,153,NA
14472,144,NA
14495,199,NA
182,2,1572
1002,196,831
387,17,561
1092,2,1875
14492,144,NA
14474,144,NA
14475,144,NA
14476,199,NA
9508,144,2560
2508,3,2473
14477,199,NA
14494,199,NA
1561,4,2141
12452,2,2422
14478,199,NA
323,53,531
14479,11,NA
12766,203,NA
13419,203,2656
248,2,1016
9122,2,2464
49,3,1220
8361,146,2246
14503,201,NA
8538,144,2477
1286,2,1252
14484,6,NA
14504,9,NA
1197,1,1006
337,2,30
1720,4,2064
2491,4,1759
750,2,719
631,4,665
1031,29,510
2474,117,1730
2488,5,1750
997,5,2346
14486,6,NA
14490,144,NA
912,81,787
14508,5,NA
1196,8,1004
14284,2,2510
13047,144,NA
12928,4,NA
8252,6,NA
8795,11,NA
7783,2,2180
4669,2,2052
77,6,2637
14564,5,2386
12295,4,NA
12935,4,NA
12941,4,NA
14541,203,NA
718,3,2403
9,2,2304
1191,4,998
8118,144,2449
1173,117,967
12324,146,2430
13049,144,2534
12587,5,2454
2008,11,NA
2051,3,1485
1527,4,2401
1129,38,1868
543,3,986
13988,146,NA
2500,5,1931
12297,4,NA
13424,203,NA
748,4,717
13054,144,2533
8906,3,2585
4447,2,1994
251,3,2582
932,29,796
446,5,2331
125,5,1475
7721,145,NA
20,4,2587
12406,247,NA
12710,145,NA
611,4,218
165,4,2208
12707,4,NA
12409,247,NA
12473,146,NA
12562,3,2490
13813,146,NA
13811,146,NA
13775,146,NA
12453,2,NA
13756,146,NA
1030,17,1073
7840,144,NA
13769,146,NA
7656,3,NA
13773,146,NA
746,2,313
14361,238,2549
632,27,666
411,4,82
1296,5,1270
14331,203,2658
660,2,249
13763,146,NA
13752,146,NA
9435,144,2565
53,3,2572
798,4,973
295,2,2366
24,8,1517
1526,4,1578
14549,3,NA
7470,4,2400
190,2,1126
13871,3,2502
14534,201,NA
2463,145,2322
12400,201,NA
8223,146,2271
1004,2,488
13242,5,2523
871,105,399
13164,146,2536
12863,2,NA
12431,3,NA
9733,2,2605
14395,4,2480
2268,3,2575
14089,3,2579
8231,146,NA
12298,6,NA
13729,146,NA
14029,3,2574
12276,144,2428
2487,3,1747
13725,146,NA
14550,11,NA
12871,2,NA
13721,146,NA
8391,3,2353
13719,146,NA
57,2,1288
12745,11,NA
1170,2,2094
8893,3,2506
13505,146,NA
483,4,135
13095,206,NA
601,2,653
12861,2,2612
13724,201,NA
14527,201,NA
12874,2,NA
14518,146,NA
1716,4,1763
14418,2,NA
12559,10,NA
957,2,459
521,25,2050
59,5,2339
325,2,20
13852,144,2559
14536,201,NA
768,3,988
18,5,1514
13655,201,NA
8785,145,2356
873,4,2475
2494,5,2621
801,2,1532
596,2,206
322,2,1849
644,5,1108
9550,144,2288
821,2,2023
1168,5,961
1266,12,2080
876,11,1879
7854,2,2251
8707,246,2360
9481,144,2554
244,4,2270
860,79,393
2813,4,1927
841,2,378
1956,2,2399
12747,138,NA
13070,6,NA
1248,4,1143
13003,4,NA
9738,5,2619
9067,4,NA
148,145,1922
12788,199,NA
1109,90,900
565,2,1162
947,4,803
12481,5,NA
1971,2,1611
8617,5,2197
1202,4,2387
422,5,92
8196,4,2241
93,4,1430
134,5,1638
7646,2,2317
146,2,1312
178,2,1353
734,4,712
505,2,2308
1819,146,1723
7430,144,2224
343,4,1253
904,5,1122
1045,2,1884
1880,3,2425
12433,3,2497
2523,5,2231
140,3,2453
117,5,1467
214,3,2419
3488,47,1964
847,37,762
12605,144,2388
7683,2,2151
135,5,1503
1077,5,874
882,61,408
2031,4,1580
1121,2,909
598,76,208
999,4,1150
329,5,1906
2439,5,2618
2127,4,1829
5479,5,2433
2538,3,1846
913,2,433
1622,4,2596
772,170,729
457,2,118
1178,5,2615
13418,203,2655
998,45,829
1172,3,2674
453,4,2174
2246,5,2129
8188,4,2494
192,6,2544
2376,5,1645
1038,2,517
66,4,2266
2238,2,2307
14464,5,2435
159,145,2084
463,4,1974
2114,2,1512
12460,4,2426
14266,249,2514
7335,144,2557
145,5,2332
1947,2,1570
12555,201,2540
7495,145,2088
211,2,2432
13887,144,2561
213,5,1584
727,4,298
2083,2,1798
157,2,1323
1804,146,2630
8266,5,NA
13570,6,2638
668,6,2639
7799,2,2210
914,2,2358
13042,2,2602
13873,144,2567
9169,196,2649
14552,201,2647
934,7,1179
13436,5,2620
13420,203,2653
447,3,1706
260,3,1250
615,2,220
1805,12,1724
519,5,2333
633,4,1938
13770,5,2466
12827,203,2657
14320,144,2513
925,3,441
13946,146,2635
7554,10,2642
641,2,674
296,6,1401
1894,12,1622
8579,5,2139
12705,146,2416
451,4,586
7794,2,2200
9495,144,2556
14282,2,2509
1076,68,873
13150,146,2404
591,2,650
14355,2,2518
777,75,336
817,3,1223
12312,5,2442
8775,10,2362
6099,5,2228
2483,5,1740
8177,4,2216
686,2,692
4993,145,2324
12538,2,2468
310,4,524
48,146,2677
12921,4,2598
429,4,574
9533,144,2148
2458,117,1696
1200,5,1636
8734,9,2652
444,74,111
12994,3,2476
9488,144,2552
352,144,1534
10,6,1715
12666,144,2408
605,4,213
2449,4,1633
12996,2,2499
1012,2,495
622,2,659
383,2,559
420,4,571
1167,3,1568
2112,2,1511
497,2,611
13223,196,2650
1022,5,840
794,2,347
12648,5,2389
116,5,2329
89,145,1294
7338,144,2396
868,2,770
2498,5,1775
74,3,2283
674,2,260
9538,144,2245
9482,144,2290
1268,6,1303
122,5,2330
736,2,305
366,4,551
345,2,36
2448,248,2662
408,106,80
1018,38,500
207,5,1071
2039,2,2431
2233,2,2316
7648,2,2507
38,2,2311
1187,6,992
14551,144,2553
808,122,356
333,11,27
425,2,94
330,105,25
478,2,1945
136,5,2107
8183,146,2155
2600,5,2617
8112,10,2247
206,4,2137
1803,12,1721
922,5,1758
1456,4,2591
368,2,1160
7839,2,2498
593,2,2014
814,5,1105
2442,3,1588
563,2,186
713,30,1167
7696,2,2126
1083,4,879
12519,3,2456
927,2,1065
7767,2,2439
662,2,1153
7694,2,2543
2116,4,1766
707,68,2058
647,2,678
490,8,1176
7483,144,2512
12290,4,2445
2759,3,2505
2255,3,2491
630,4,227
13468,144,2393
9417,144,2286
12528,144,2467
1217,2,1608
8623,5,2478
889,2,2068
811,248,2661
1184,110,983
938,4,2026
8567,5,2414
2480,5,1736
969,2,816
9473,144,2287
1147,5,922
1486,4,1675
1942,9,2187
1226,5,1650
13688,3,2541
13285,6,2406
7739,146,2535
992,5,1102
963,8,1173
8467,4,2597
2492,149,2152
8191,4,2592
2506,5,1796
13948,146,2527
13943,146,2634
2504,5,2194
41,2,1687
2027,2,1833
1295,3,1269
92,2,2606
1208,117,1697
9535,144,2562
142,10,2381
12891,4,2503
2452,5,2340
14038,3,2573
12706,146,2417
151,2,1266
1176,4,1652
2017,11,1581
978,2,1914
9406,144,2448
414,2,85
8585,5,2144
937,5,1824
12911,3,2667
304,2,4
903,4,1986
2815,149,2226
7312,144,2555
331,2,1089
103,3,1276
722,2,2033
1281,43,1245
493,4,1147
656,4,2451
1017,4,499
510,68,618
921,2,1166
110,145,2063
573,53,643
14028,4,2526
2513,5,1808
348,2,1821
1625,4,2078
717,2,706
379,4,59
1234,5,1099
35,145,1704
7740,146,2383
8908,3,2447
3256,131,1951
1460,5,2132
13268,144,2482
8464,4,2258
9486,144,2298
1032,5,511
582,38,646
118,6,1374
2496,5,2162
1180,5,2624
967,2,466
738,51,715
309,2,1161
853,5,1034
13792,144,2501
327,2,22
12772,203,2659
747,4,1350
911,2,432
208,4,1117
907,2,785
658,5,2423
7436,144,2364
8781,145,2227
9431,144,2370
61,6,1714
5,2,1343
452,3,587
19,3,2276
2305,146,2629
101,5,1602
257,5,2625
8779,149,2357
7848,2,2354
12855,2,2398
1190,1,997
209,2,2082
130,3,1597
482,4,2437
8918,3,2170
916,98,436
953,2,807
441,5,1043
1037,2,516
570,1,1196
23,5,1103
8546,5,2250
578,4,1146
13928,3,2409
1764,4,1839
964,90,464
1513,4,2594
679,30,1169
13202,144,2525
726,2,297
341,4,975
467,2,124
8162,146,2633
7937,4,2595
2761,5,1924
894,5,1949
312,2,525
663,2,252
7670,2,2607
761,74,323
756,2,723
13417,203,2654
7911,6,2350
8026,4,2150
540,4,172
47,3,2584
2501,5,1784
862,2,1809
988,3,1085
670,2,257
8582,2,2418
8,117,2073
850,27,384
962,5,1869
449,2,115
12310,5,2441
4456,74,2018
3484,74,1960
200,2,1302
13941,3,2410
14131,3,2584
896,4,1670
592,2,651
454,39,588
153,2,2600
258,5,1613
193,4,1128
2029,2,1835
2553,117,1867
1115,5,911
2516,3,2483
628,4,664
7788,2,2196
7635,144,2532
7679,6,2131
141,4,1327
1290,30,1258
8150,4,2457
4449,2,1998
9415,144,2679
15,5,1462
44,5,1274
1007,1,1199
764,4,2031
318,2,2303
1125,4,912
2520,117,1825
676,59,262
780,46,1892
2734,146,2631
197,5,2363
1011,3,1093
126,2,1267
2117,119,1516
171,144,1082
8902,3,2577
1615,4,2469
743,2,310
3430,38,1955
823,2,895
1283,2,1247
2535,5,1843
8366,144,2297
1154,37,936
2279,5,1585
259,4,1579
12833,4,2462
1181,5,978
826,2,368
1048,3,1531
9427,144,2195
198,2,1757
7792,3,2278
255,4,1240
13649,201,2645
972,2,818
3255,117,2072
684,3,691
12805,185,2420
2456,2,2305
8180,4,2487
753,146,2274
12331,3,2489
786,4,343
915,2,435
407,35,568
12915,4,2589
763,5,1628
827,4,1289
9387,2,2459
8599,5,2443
290,4,2269
1055,145,1630
832,145,1698
2455,3,1647
612,5,1101
13456,5,2616
1136,201,1874
409,4,1075
875,5,2344
1201,2,2484
2812,5,2164
2484,5,2145
186,2,1370
557,5,1112
9521,144,2460
14399,2,2479
282,144,2524
8921,3,2411
13476,144,2392
13785,3,2463
2231,2,1691
818,2,749
39,3,2580
700,2,699
13474,144,2395
99,4,1149
210,2,1131
283,4,2225
7798,2,2206
1333,4,1332
1253,3,1186
2124,2,1524
2084,2,2474
8929,3,2666
1245,3,2171
14059,2,2516
1264,115,1217
14334,2,2519
928,6,1053
308,4,7
7437,3,2515
7793,2,2471
1026,2,506
1306,44,955
2256,144,2495
1260,6,1720
1714,6,1716
1138,2,935
1009,2,833
75,2,1268
1326,4,1896
569,73,1026
7947,4,2111
7647,2,2610
1277,2,1237
131,4,2384
721,2,709
516,2,621
14,6,1465
8513,144,2359
888,2,777
8528,5,2434
1,1,1201
990,2,479
1214,3,1049
571,2,190
7619,2,2407
12918,4,2675
9557,144,2292
289,144,668
834,3,1189
102,4,1444
693,3,1989
883,5,1555
1062,2,1094
13185,5,2405
1220,1,1059
1043,2,1560
2113,2,2125
724,3,1190
6057,5,2440
1525,4,1576
288,10,2380
128,4,1479
14357,2,2517
825,27,367
62,2,1156
111,2,1464
1278,8,1238
8439,144,2551
2097,3,2583
245,5,1460
58,5,1277
14264,232,2548
13589,146,2538
681,4,690
13660,201,2646
9192,145,2361
13236,5,2520
576,2,193
12999,2,2397
7969,6,2641
13462,144,2391
12337,2,2488
17,7,1474
7814,3,NA
2534,5,1842
1035,2,514
6042,2,2190
370,40,1899
50,5,1627
2536,145,1845
98,10,2678
1058,7,1222
112,5,2614
880,4,406
842,4,1138
2842,4,1937
8576,5,2508
9442,144,2529
137,1,1506
874,4,1263
2486,3,1743
242,2,1822
1705,6,1717
12582,201,2539
13148,10,2545
1950,2,2609
8344,5,2622
13342,3,2458
246,5,1441
1177,4,2242
40,2,2611
181,4,1369
42,4,2261
8511,144,2566
1300,68,1911
360,2,996
2395,6,2640
180,107,1352
431,2,99
879,2,1158
6,5,1349
1186,3,2576
7688,146,2636
16,3,1705
585,2,199
2443,3,2571
2485,1,1742
2497,5,2167
21,3,2570
689,74,273
2505,117,1795
2502,5,2461
836,5,1648
7621,2,2601
1468,4,2146
791,4,2593
2697,2,1913
2533,6,2668
646,4,984
809,144,2390
1292,145,2159
1693,4,2586
297,2,2613
12638,144,2424
843,4,1130
9593,5,2179
1255,3,2581
160,2,2511
346,146,539
783,2,341
2126,110,1525
561,2,184
8810,11,2177
2082,2,1527
8644,5,2521
474,95,129
2261,3,1559
12443,4,2493
362,2,44
115,5,1780
1010,2,493
1044,4,847
403,4,76
1532,4,2413
4,4,2253
8087,10,2644
514,4,156
781,3,1032
2517,2,1820
1095,2,888
2462,145,2320
1279,4,2588
566,5,2374
653,2,681
771,2,331
7850,2,2238
507,2,2608
88,5,1595
13979,146,2632
1781,5,1587
1334,2,2140
307,2,6
2108,2,1815
29,6,1967
1694,4,1828
1052,5,1632
2247,5,2128
498,4,1145
1631,4,1738
7475,4,2093
487,2,137
581,2,1959
2507,3,2663
657,42,246
189,2,1765
4535,4,2034
7481,145,2222
1800,3,1919
166,5,1260
556,4,1029
9537,144,2558
96,144,1600
13162,146,2537
7334,144,2101
27,4,2257
650,3,679
14032,3,2578
2459,145,2321
338,2,31
1047,1,1897
7314,144,2120
8798,11,2377
2539,117,1847
12669,144,2670
2816,3,2248
100,4,1676
9554,144,2302
4966,5,2061
169,117,1700
