id,flatpage_id,site_id
189,38,1
256,33,1
5,2,1
262,54,1
134,22,1
207,42,1
208,41,1
273,55,1
274,57,1
144,23,1
145,24,1
275,56,1
276,58,1
215,34,1
217,37,1
218,40,1
219,39,1
157,26,1
107,5,1
164,30,1
56,1,1
830,70,1
233,46,1
289,52,1
290,53,1
239,35,1
303,47,1
304,59,1
305,60,1
250,50,1
251,48,1
253,49,1
530,67,1
396,64,1
334,62,1
407,36,1
416,32,1
419,28,1
420,29,1
424,43,1
425,45,1
426,44,1
566,51,1
386,63,1
779,71,1
843,69,1
783,21,1
785,20,1
736,61,1
812,72,1
745,65,1
746,31,1
764,18,1
849,73,1
853,66,1
854,19,1
856,6,1
