id,created_at,edited_at,fecha_hora,persona_id,tipo_id,texto,content_type_id,object_id,periodo_id
2,2010-01-28 09:44:01.275293,2010-01-28 09:44:01.275318,2010-01-28 09:44:01.275335,1,2,NA,73,4,NA
3,2010-02-14 23:36:26.085157,2010-02-14 23:36:26.085189,2010-02-14 23:36:26.085207,1446,2,NA,73,18,NA
4,2010-02-14 23:38:02.379788,2010-02-14 23:38:02.379812,2010-02-14 23:38:02.379830,1446,2,NA,73,19,NA
5,2010-02-16 17:46:46.978480,2010-02-16 17:46:46.978511,2010-02-16 17:46:46.978528,1844,2,NA,73,20,NA
6,2010-02-17 16:52:18.717608,2010-02-17 16:52:18.717639,2010-02-17 16:52:18.717657,1415,2,NA,73,21,NA
7,2010-02-19 16:18:31.828298,2010-02-19 16:18:31.828323,2010-02-19 16:18:31.828340,57,1,NA,73,22,NA
8,2010-02-19 17:04:47.980906,2010-02-19 17:04:47.980931,2010-02-19 17:04:47.980949,1374,1,NA,73,23,NA
9,2010-02-25 04:20:16.035274,2010-02-25 04:20:16.035298,2010-02-25 04:20:16.035316,1,1,NA,73,24,NA
10,2010-02-26 07:10:15.284361,2010-02-26 07:10:15.284393,2010-02-26 07:10:15.284411,131,2,NA,73,25,NA
11,2010-02-26 07:27:00.509464,2010-02-26 07:27:00.509488,2010-02-26 07:27:00.509505,131,2,NA,73,26,NA
12,2010-03-02 19:44:11.613160,2010-03-02 19:44:11.613196,2010-03-02 19:44:11.613214,131,2,NA,73,27,NA
14,2010-03-03 13:51:10.452402,2010-03-03 13:51:10.452434,2010-03-03 13:51:10.452454,2229,1,NA,73,29,NA
15,2010-03-03 13:53:52.812935,2010-03-03 13:53:52.812958,2010-03-03 13:53:52.812976,77,1,NA,73,30,NA
16,2010-03-03 18:16:58.752772,2010-03-03 18:16:58.752805,2010-03-03 18:16:58.752823,793,1,NA,73,31,NA
17,2010-03-03 21:15:36.155542,2010-03-03 21:15:36.155567,2010-03-03 21:15:36.155585,793,1,NA,73,32,NA
18,2010-03-03 21:18:51.585594,2010-03-03 21:18:51.585620,2010-03-03 21:18:51.585644,8,1,NA,73,33,NA
19,2010-03-03 21:21:34.908779,2010-03-03 21:21:34.908819,2010-03-03 21:21:34.908838,1,1,NA,73,34,NA
20,2010-03-06 00:29:05.825630,2010-03-06 00:29:05.825656,2010-03-06 00:29:05.825674,1406,1,NA,73,35,NA
21,2010-03-08 13:59:55.559751,2010-03-08 13:59:55.559776,2010-03-08 13:59:55.559800,1894,1,NA,73,36,NA
22,2010-03-09 18:21:12.542443,2010-03-09 18:21:12.542482,2010-03-09 18:21:12.542500,19,1,NA,73,37,NA
23,2010-03-09 18:52:48.785823,2010-03-09 18:52:48.785846,2010-03-09 18:52:48.785864,1803,1,NA,73,38,NA
24,2010-03-09 19:06:25.531245,2010-03-09 19:06:25.531268,2010-03-09 19:06:25.531287,77,1,NA,73,39,NA
25,2010-03-09 19:08:27.833050,2010-03-09 19:08:27.833073,2010-03-09 19:08:27.833091,1226,1,NA,73,40,NA
26,2010-03-09 19:42:24.945622,2010-03-09 19:42:24.945643,2010-03-09 19:42:24.945661,10,1,NA,73,41,NA
27,2010-03-10 15:47:57.779418,2010-03-10 15:47:57.779446,2010-03-10 15:47:57.779465,1696,1,NA,73,42,NA
28,2010-03-10 21:40:09.446164,2010-03-10 21:40:09.446197,2010-03-10 21:40:09.446214,1982,1,NA,73,43,NA
29,2010-03-11 17:14:00.017893,2010-03-11 17:14:00.017920,2010-03-11 17:14:00.017938,2383,2,NA,73,44,NA
30,2010-03-12 15:15:48.334751,2010-03-12 15:15:48.334779,2010-03-12 15:15:48.334797,827,1,NA,73,45,NA
31,2010-03-16 17:44:46.975314,2010-03-16 17:44:46.975338,2010-03-16 17:44:46.975355,4,1,NA,73,46,NA
32,2010-03-16 19:04:59.978507,2010-03-16 19:04:59.978531,2010-03-16 19:04:59.978549,1200,1,NA,73,47,NA
33,2010-03-25 18:54:41.786241,2010-03-25 18:54:41.786276,2010-03-25 18:54:41.786292,4,3,NA,55,61202,NA
34,2010-03-25 18:54:42.104151,2010-03-25 18:54:42.104187,2010-03-25 18:54:42.104202,8,3,NA,55,61203,NA
35,2010-03-25 18:54:42.449496,2010-03-25 18:54:42.449516,2010-03-25 18:54:42.449531,13,3,NA,55,61204,NA
36,2010-03-25 18:54:42.588878,2010-03-25 18:54:42.588917,2010-03-25 18:54:42.588933,22,3,NA,55,61205,NA
37,2010-03-25 18:54:42.616071,2010-03-25 18:54:42.616108,2010-03-25 18:54:42.616124,26,3,NA,55,61206,NA
38,2010-03-25 18:54:42.644489,2010-03-25 18:54:42.644509,2010-03-25 18:54:42.644524,28,3,NA,55,61207,NA
39,2010-03-25 18:54:42.755145,2010-03-25 18:54:42.755178,2010-03-25 18:54:42.755194,29,3,NA,55,61208,NA
40,2010-03-25 18:54:42.816618,2010-03-25 18:54:42.816650,2010-03-25 18:54:42.816666,16,3,NA,55,61209,NA
41,2010-03-25 18:54:42.840736,2010-03-25 18:54:42.840757,2010-03-25 18:54:42.840773,33,3,NA,55,61210,NA
42,2010-03-25 18:54:42.896496,2010-03-25 18:54:42.896517,2010-03-25 18:54:42.896532,557,3,NA,55,61211,NA
43,2010-03-25 18:54:42.991720,2010-03-25 18:54:42.991750,2010-03-25 18:54:42.991765,41,3,NA,55,61212,NA
44,2010-03-25 18:54:43.046776,2010-03-25 18:54:43.046796,2010-03-25 18:54:43.046812,42,3,NA,55,61213,NA
45,2010-03-25 18:54:43.067841,2010-03-25 18:54:43.067861,2010-03-25 18:54:43.067876,53,3,NA,55,61214,NA
46,2010-03-25 18:54:43.092813,2010-03-25 18:54:43.092855,2010-03-25 18:54:43.092871,58,3,NA,55,61215,NA
47,2010-03-25 18:54:43.196231,2010-03-25 18:54:43.196251,2010-03-25 18:54:43.196267,793,3,NA,55,61216,NA
48,2010-03-25 18:54:43.261252,2010-03-25 18:54:43.261274,2010-03-25 18:54:43.261290,811,3,NA,55,61217,NA
49,2010-03-25 18:54:43.301477,2010-03-25 18:54:43.301500,2010-03-25 18:54:43.301515,814,3,NA,55,61218,NA
50,2010-03-25 18:54:43.330505,2010-03-25 18:54:43.330527,2010-03-25 18:54:43.330542,809,3,NA,55,61219,NA
51,2010-03-25 18:54:43.372736,2010-03-25 18:54:43.372761,2010-03-25 18:54:43.372777,834,3,NA,55,61220,NA
52,2010-03-25 18:54:43.401164,2010-03-25 18:54:43.401184,2010-03-25 18:54:43.401199,842,3,NA,55,61221,NA
53,2010-03-25 18:54:43.451126,2010-03-25 18:54:43.451146,2010-03-25 18:54:43.451161,874,3,NA,55,61222,NA
54,2010-03-25 18:54:43.485325,2010-03-25 18:54:43.485346,2010-03-25 18:54:43.485361,879,3,NA,55,61223,NA
55,2010-03-25 18:54:43.536772,2010-03-25 18:54:43.536792,2010-03-25 18:54:43.536807,896,3,NA,55,61224,NA
56,2010-03-25 18:54:43.560113,2010-03-25 18:54:43.560134,2010-03-25 18:54:43.560149,90,3,NA,55,61225,NA
57,2010-03-25 18:54:43.595132,2010-03-25 18:54:43.595152,2010-03-25 18:54:43.595168,973,3,NA,55,61226,NA
58,2010-03-25 18:54:43.617992,2010-03-25 18:54:43.618011,2010-03-25 18:54:43.618026,92,3,NA,55,61227,NA
59,2010-03-25 18:54:43.642490,2010-03-25 18:54:43.642511,2010-03-25 18:54:43.642526,96,3,NA,55,61228,NA
60,2010-03-25 20:23:15.935538,2010-03-25 20:23:15.935573,2010-03-25 20:23:15.935589,102,3,NA,55,61229,NA
61,2010-03-25 20:23:16.135870,2010-03-25 20:23:16.135900,2010-03-25 20:23:16.135916,103,3,NA,55,61230,NA
62,2010-03-25 20:23:16.299956,2010-03-25 20:23:16.299975,2010-03-25 20:23:16.299990,234,3,NA,55,61231,NA
63,2010-03-25 20:23:16.393253,2010-03-25 20:23:16.393275,2010-03-25 20:23:16.393290,104,3,NA,55,61232,NA
64,2010-03-25 20:23:16.432209,2010-03-25 20:23:16.432229,2010-03-25 20:23:16.432254,1208,3,NA,55,61233,NA
65,2010-03-25 20:23:16.472704,2010-03-25 20:23:16.472724,2010-03-25 20:23:16.472739,313,3,NA,55,61234,NA
66,2010-03-25 20:23:16.515419,2010-03-25 20:23:16.515439,2010-03-25 20:23:16.515454,106,3,NA,55,61235,NA
67,2010-03-25 20:23:16.546948,2010-03-25 20:23:16.546969,2010-03-25 20:23:16.546984,107,3,NA,55,61236,NA
68,2010-03-25 20:23:16.568299,2010-03-25 20:23:16.568320,2010-03-25 20:23:16.568335,108,3,NA,55,61237,NA
69,2010-03-25 20:23:16.623162,2010-03-25 20:23:16.623183,2010-03-25 20:23:16.623198,341,3,NA,55,61238,NA
70,2010-03-25 20:23:16.722522,2010-03-25 20:23:16.722542,2010-03-25 20:23:16.722557,343,3,NA,55,61239,NA
71,2010-03-25 20:23:16.741831,2010-03-25 20:23:16.741851,2010-03-25 20:23:16.741866,1313,3,NA,55,61240,NA
72,2010-03-25 20:23:16.830390,2010-03-25 20:23:16.830410,2010-03-25 20:23:16.830425,360,3,NA,55,61241,NA
73,2010-03-25 20:23:16.852393,2010-03-25 20:23:16.852412,2010-03-25 20:23:16.852427,112,3,NA,55,61242,NA
74,2010-03-25 20:23:16.912361,2010-03-25 20:23:16.912381,2010-03-25 20:23:16.912396,113,3,NA,55,61243,NA
75,2010-03-25 20:23:16.943879,2010-03-25 20:23:16.943899,2010-03-25 20:23:16.943914,111,3,NA,55,61244,NA
76,2010-03-25 20:23:16.985123,2010-03-25 20:23:16.985143,2010-03-25 20:23:16.985157,114,3,NA,55,61245,NA
77,2010-03-25 20:23:17.118254,2010-03-25 20:23:17.118275,2010-03-25 20:23:17.118290,115,3,NA,55,61246,NA
78,2010-03-25 20:23:17.138307,2010-03-25 20:23:17.138349,2010-03-25 20:23:17.138364,116,3,NA,55,61247,NA
79,2010-03-25 20:23:17.219790,2010-03-25 20:23:17.219810,2010-03-25 20:23:17.219825,117,3,NA,55,61248,NA
80,2010-03-25 20:23:17.276250,2010-03-25 20:23:17.276270,2010-03-25 20:23:17.276285,118,3,NA,55,61249,NA
81,2010-03-25 20:23:17.316524,2010-03-25 20:23:17.316547,2010-03-25 20:23:17.316562,1316,3,NA,55,61250,NA
82,2010-03-25 20:23:17.365218,2010-03-25 20:23:17.365255,2010-03-25 20:23:17.365270,398,3,NA,55,61251,NA
83,2010-03-25 20:23:17.388421,2010-03-25 20:23:17.388461,2010-03-25 20:23:17.388477,120,3,NA,55,61252,NA
84,2010-03-25 20:23:17.443493,2010-03-25 20:23:17.443518,2010-03-25 20:23:17.443533,121,3,NA,55,61253,NA
85,2010-03-25 20:23:17.482708,2010-03-25 20:23:17.482729,2010-03-25 20:23:17.482744,1030,3,NA,55,61254,NA
86,2010-03-25 20:23:17.532506,2010-03-25 20:23:17.532527,2010-03-25 20:23:17.532542,122,3,NA,55,61255,NA
87,2010-03-25 20:23:17.571937,2010-03-25 20:23:17.571959,2010-03-25 20:23:17.571974,1300,3,NA,55,61256,NA
88,2010-03-25 20:23:17.636064,2010-03-25 20:23:17.636084,2010-03-25 20:23:17.636099,123,3,NA,55,61257,NA
89,2010-03-25 20:23:17.656342,2010-03-25 20:23:17.656362,2010-03-25 20:23:17.656378,409,3,NA,55,61258,NA
90,2010-03-25 20:23:17.675792,2010-03-25 20:23:17.675814,2010-03-25 20:23:17.675829,1167,3,NA,55,61259,NA
91,2010-03-25 20:23:17.749011,2010-03-25 20:23:17.749031,2010-03-25 20:23:17.749046,125,3,NA,55,61260,NA
92,2010-03-25 20:23:17.801876,2010-03-25 20:23:17.801900,2010-03-25 20:23:17.801915,126,3,NA,55,61261,NA
93,2010-03-25 20:23:17.846423,2010-03-25 20:23:17.846445,2010-03-25 20:23:17.846461,127,3,NA,55,61262,NA
94,2010-03-25 20:23:17.886465,2010-03-25 20:23:17.886485,2010-03-25 20:23:17.886500,1214,3,NA,55,61263,NA
95,2010-03-25 20:23:17.925591,2010-03-25 20:23:17.925622,2010-03-25 20:23:17.925638,128,3,NA,55,61264,NA
96,2010-03-25 20:23:17.986405,2010-03-25 20:23:17.986427,2010-03-25 20:23:17.986442,441,3,NA,55,61265,NA
97,2010-03-25 20:23:18.059583,2010-03-25 20:23:18.059618,2010-03-25 20:23:18.059633,129,3,NA,55,61266,NA
98,2010-03-25 20:23:18.134664,2010-03-25 20:23:18.134704,2010-03-25 20:23:18.134719,130,3,NA,55,61267,NA
99,2010-03-25 20:23:18.158652,2010-03-25 20:23:18.158695,2010-03-25 20:23:18.158710,1058,3,NA,55,61268,NA
100,2010-03-25 20:23:18.189608,2010-03-25 20:23:18.189629,2010-03-25 20:23:18.189645,131,3,NA,55,61269,NA
101,2010-03-25 20:23:18.263187,2010-03-25 20:23:18.263217,2010-03-25 20:23:18.263232,134,3,NA,55,61270,NA
102,2010-03-25 20:23:18.347543,2010-03-25 20:23:18.347568,2010-03-25 20:23:18.347583,135,3,NA,55,61271,NA
103,2010-03-25 20:23:18.372903,2010-03-25 20:23:18.372924,2010-03-25 20:23:18.372940,136,3,NA,55,61272,NA
104,2010-03-25 20:23:18.396840,2010-03-25 20:23:18.396863,2010-03-25 20:23:18.396879,137,3,NA,55,61273,NA
105,2010-03-25 20:23:18.415861,2010-03-25 20:23:18.415880,2010-03-25 20:23:18.415895,482,3,NA,55,61274,NA
106,2010-03-25 20:23:18.454525,2010-03-25 20:23:18.454544,2010-03-25 20:23:18.454560,484,3,NA,55,61275,NA
107,2010-03-25 20:23:18.473441,2010-03-25 20:23:18.473464,2010-03-25 20:23:18.473480,140,3,NA,55,61276,NA
108,2010-03-25 20:23:18.527542,2010-03-25 20:23:18.527566,2010-03-25 20:23:18.527581,133,3,NA,55,61277,NA
109,2010-03-25 20:23:18.605886,2010-03-25 20:23:18.605906,2010-03-25 20:23:18.605921,141,3,NA,55,61278,NA
110,2010-03-25 20:23:18.628689,2010-03-25 20:23:18.628711,2010-03-25 20:23:18.628726,1184,3,NA,55,61279,NA
111,2010-03-25 20:23:18.650264,2010-03-25 20:23:18.650284,2010-03-25 20:23:18.650299,507,3,NA,55,61280,NA
112,2010-03-25 20:23:18.707128,2010-03-25 20:23:18.707150,2010-03-25 20:23:18.707165,512,3,NA,55,61281,NA
113,2010-03-25 20:23:18.748876,2010-03-25 20:23:18.748895,2010-03-25 20:23:18.748910,1228,3,NA,55,61282,NA
114,2010-03-25 20:23:18.771041,2010-03-25 20:23:18.771065,2010-03-25 20:23:18.771080,567,3,NA,55,61283,NA
115,2010-03-25 20:23:18.825066,2010-03-25 20:23:18.825091,2010-03-25 20:23:18.825106,142,3,NA,55,61284,NA
116,2010-03-25 20:23:18.892986,2010-03-25 20:23:18.893009,2010-03-25 20:23:18.893024,145,3,NA,55,61285,NA
117,2010-03-25 20:23:18.970403,2010-03-25 20:23:18.970424,2010-03-25 20:23:18.970438,146,3,NA,55,61286,NA
118,2010-03-25 20:23:18.994114,2010-03-25 20:23:18.994133,2010-03-25 20:23:18.994148,147,3,NA,55,61287,NA
119,2010-03-25 20:23:19.076694,2010-03-25 20:23:19.076718,2010-03-25 20:23:19.076733,1195,3,NA,55,61288,NA
120,2010-03-25 20:23:19.227577,2010-03-25 20:23:19.227603,2010-03-25 20:23:19.227618,543,3,NA,55,61289,NA
121,2010-03-25 20:23:19.249993,2010-03-25 20:23:19.250023,2010-03-25 20:23:19.250038,547,3,NA,55,61290,NA
122,2010-03-25 20:23:19.278637,2010-03-25 20:23:19.278657,2010-03-25 20:23:19.278672,152,3,NA,55,61291,NA
123,2010-03-25 20:23:19.347491,2010-03-25 20:23:19.347510,2010-03-25 20:23:19.347525,556,3,NA,55,61292,NA
124,2010-03-25 20:23:19.367103,2010-03-25 20:23:19.367123,2010-03-25 20:23:19.367138,1191,3,NA,55,61293,NA
125,2010-03-25 20:23:19.389476,2010-03-25 20:23:19.389499,2010-03-25 20:23:19.389514,1279,3,NA,55,61294,NA
126,2010-03-25 20:23:19.412281,2010-03-25 20:23:19.412302,2010-03-25 20:23:19.412318,153,3,NA,55,61295,NA
127,2010-03-25 20:23:19.435672,2010-03-25 20:23:19.435692,2010-03-25 20:23:19.435707,155,3,NA,55,61296,NA
128,2010-03-25 20:23:19.503443,2010-03-25 20:23:19.503464,2010-03-25 20:23:19.503479,1219,3,NA,55,61297,NA
129,2010-03-25 20:23:19.528087,2010-03-25 20:23:19.528130,2010-03-25 20:23:19.528146,569,3,NA,55,61298,NA
130,2010-03-25 20:23:19.550917,2010-03-25 20:23:19.550943,2010-03-25 20:23:19.550959,1205,3,NA,55,61299,NA
131,2010-03-25 20:23:19.571991,2010-03-25 20:23:19.572013,2010-03-25 20:23:19.572028,157,3,NA,55,61300,NA
132,2010-03-25 20:23:19.594195,2010-03-25 20:23:19.594217,2010-03-25 20:23:19.594232,161,3,NA,55,61301,NA
133,2010-03-25 20:23:19.620291,2010-03-25 20:23:19.620311,2010-03-25 20:23:19.620326,162,3,NA,55,61302,NA
134,2010-03-25 20:23:19.656553,2010-03-25 20:23:19.656572,2010-03-25 20:23:19.656587,163,3,NA,55,61303,NA
135,2010-03-25 20:23:19.702370,2010-03-25 20:23:19.702392,2010-03-25 20:23:19.702407,164,3,NA,55,61304,NA
136,2010-03-25 20:23:19.736397,2010-03-25 20:23:19.736420,2010-03-25 20:23:19.736435,165,3,NA,55,61305,NA
137,2010-03-25 20:23:19.759528,2010-03-25 20:23:19.759556,2010-03-25 20:23:19.759571,166,3,NA,55,61306,NA
138,2010-03-25 20:23:19.828921,2010-03-25 20:23:19.828948,2010-03-25 20:23:19.828963,151,3,NA,55,61307,NA
139,2010-03-25 20:23:19.923602,2010-03-25 20:23:19.923631,2010-03-25 20:23:19.923647,158,3,NA,55,61308,NA
140,2010-03-25 20:23:19.993647,2010-03-25 20:23:19.993667,2010-03-25 20:23:19.993684,159,3,NA,55,61309,NA
141,2010-03-25 20:23:20.073266,2010-03-25 20:23:20.073305,2010-03-25 20:23:20.073321,160,3,NA,55,61310,NA
142,2010-03-25 20:23:20.096025,2010-03-25 20:23:20.096047,2010-03-25 20:23:20.096062,1295,3,NA,55,61311,NA
143,2010-03-25 20:23:20.119977,2010-03-25 20:23:20.120005,2010-03-25 20:23:20.120021,1062,3,NA,55,61312,NA
144,2010-03-25 20:23:20.143667,2010-03-25 20:23:20.143691,2010-03-25 20:23:20.143707,1192,3,NA,55,61313,NA
145,2010-03-25 20:23:20.217335,2010-03-25 20:23:20.217357,2010-03-25 20:23:20.217372,627,3,NA,55,61314,NA
146,2010-03-25 20:23:20.241297,2010-03-25 20:23:20.241333,2010-03-25 20:23:20.241348,1180,3,NA,55,61315,NA
147,2010-03-25 20:23:20.263233,2010-03-25 20:23:20.263256,2010-03-25 20:23:20.263271,169,3,NA,55,61316,NA
148,2010-03-25 20:23:20.284634,2010-03-25 20:23:20.284678,2010-03-25 20:23:20.284694,1170,3,NA,55,61317,NA
149,2010-03-25 20:23:20.308966,2010-03-25 20:23:20.308988,2010-03-25 20:23:20.309003,171,3,NA,55,61318,NA
150,2010-03-25 20:23:20.329792,2010-03-25 20:23:20.329834,2010-03-25 20:23:20.329850,172,3,NA,55,61319,NA
151,2010-03-25 20:23:20.350607,2010-03-25 20:23:20.350637,2010-03-25 20:23:20.350652,646,3,NA,55,61320,NA
152,2010-03-25 20:23:20.375370,2010-03-25 20:23:20.375397,2010-03-25 20:23:20.375412,1262,3,NA,55,61321,NA
153,2010-03-25 20:23:20.447312,2010-03-25 20:23:20.447334,2010-03-25 20:23:20.447349,1282,3,NA,55,61322,NA
154,2010-03-25 20:23:20.493340,2010-03-25 20:23:20.493361,2010-03-25 20:23:20.493376,1188,3,NA,55,61323,NA
155,2010-03-25 20:23:20.519607,2010-03-25 20:23:20.519645,2010-03-25 20:23:20.519661,175,3,NA,55,61324,NA
156,2010-03-25 20:23:20.543187,2010-03-25 20:23:20.543210,2010-03-25 20:23:20.543225,656,3,NA,55,61325,NA
157,2010-03-25 20:23:20.585785,2010-03-25 20:23:20.585807,2010-03-25 20:23:20.585822,1283,3,NA,55,61326,NA
158,2010-03-25 20:23:20.605814,2010-03-25 20:23:20.605837,2010-03-25 20:23:20.605852,1296,3,NA,55,61327,NA
159,2010-03-25 20:23:20.628401,2010-03-25 20:23:20.628423,2010-03-25 20:23:20.628438,1190,3,NA,55,61328,NA
160,2010-03-25 20:23:20.656185,2010-03-25 20:23:20.656225,2010-03-25 20:23:20.656241,1168,3,NA,55,61329,NA
161,2010-03-25 20:23:20.715864,2010-03-25 20:23:20.715885,2010-03-25 20:23:20.715900,180,3,NA,55,61330,NA
162,2010-03-25 20:23:20.739195,2010-03-25 20:23:20.739219,2010-03-25 20:23:20.739235,178,3,NA,55,61331,NA
163,2010-03-25 20:23:20.767629,2010-03-25 20:23:20.767667,2010-03-25 20:23:20.767683,181,3,NA,55,61332,NA
164,2010-03-25 20:23:20.791719,2010-03-25 20:23:20.791741,2010-03-25 20:23:20.791756,183,3,NA,55,61333,NA
165,2010-03-25 20:23:20.838585,2010-03-25 20:23:20.838617,2010-03-25 20:23:20.838632,182,3,NA,55,61334,NA
166,2010-03-25 20:23:20.865109,2010-03-25 20:23:20.865153,2010-03-25 20:23:20.865169,1173,3,NA,55,61335,NA
167,2010-03-25 20:23:20.889563,2010-03-25 20:23:20.889587,2010-03-25 20:23:20.889602,1264,3,NA,55,61336,NA
168,2010-03-25 20:23:20.912334,2010-03-25 20:23:20.912356,2010-03-25 20:23:20.912371,186,3,NA,55,61337,NA
169,2010-03-25 20:23:20.977539,2010-03-25 20:23:20.977578,2010-03-25 20:23:20.977594,1196,3,NA,55,61338,NA
170,2010-03-25 20:23:21.041289,2010-03-25 20:23:21.041328,2010-03-25 20:23:21.041344,1239,3,NA,55,61339,NA
171,2010-03-25 20:23:21.064758,2010-03-25 20:23:21.064778,2010-03-25 20:23:21.064794,1200,3,NA,55,61340,NA
172,2010-03-25 20:23:21.088990,2010-03-25 20:23:21.089011,2010-03-25 20:23:21.089026,1186,3,NA,55,61341,NA
173,2010-03-25 20:23:21.112765,2010-03-25 20:23:21.112785,2010-03-25 20:23:21.112800,189,3,NA,55,61342,NA
174,2010-03-25 20:23:21.144882,2010-03-25 20:23:21.144902,2010-03-25 20:23:21.144917,1202,3,NA,55,61343,NA
175,2010-03-25 20:23:21.168168,2010-03-25 20:23:21.168188,2010-03-25 20:23:21.168203,192,3,NA,55,61344,NA
176,2010-03-25 20:23:21.298674,2010-03-25 20:23:21.298693,2010-03-25 20:23:21.298708,193,3,NA,55,61345,NA
177,2010-03-25 20:23:21.322377,2010-03-25 20:23:21.322397,2010-03-25 20:23:21.322412,1280,3,NA,55,61346,NA
178,2010-03-25 20:23:21.345130,2010-03-25 20:23:21.345149,2010-03-25 20:23:21.345164,190,3,NA,55,61347,NA
179,2010-03-25 20:23:21.368698,2010-03-25 20:23:21.368718,2010-03-25 20:23:21.368733,296,3,NA,55,61348,NA
180,2010-03-25 20:23:21.406307,2010-03-25 20:23:21.406326,2010-03-25 20:23:21.406341,194,3,NA,55,61349,NA
181,2010-03-25 20:23:21.429872,2010-03-25 20:23:21.429892,2010-03-25 20:23:21.429907,196,3,NA,55,61350,NA
182,2010-03-25 20:23:21.453763,2010-03-25 20:23:21.453782,2010-03-25 20:23:21.453797,768,3,NA,55,61351,NA
183,2010-03-25 20:23:21.477374,2010-03-25 20:23:21.477393,2010-03-25 20:23:21.477408,197,3,NA,55,61352,NA
184,2010-03-25 20:23:21.544323,2010-03-25 20:23:21.544342,2010-03-25 20:23:21.544357,781,3,NA,55,61353,NA
185,2010-03-25 20:23:21.602122,2010-03-25 20:23:21.602143,2010-03-25 20:23:21.602158,198,3,NA,55,61354,NA
186,2010-03-25 20:23:21.622294,2010-03-25 20:23:21.622314,2010-03-25 20:23:21.622329,200,3,NA,55,61355,NA
187,2010-03-25 20:23:21.641797,2010-03-25 20:23:21.641817,2010-03-25 20:23:21.641838,201,3,NA,55,61356,NA
188,2010-03-25 20:23:21.669630,2010-03-25 20:23:21.669649,2010-03-25 20:23:21.669664,791,3,NA,55,61357,NA
189,2010-03-25 20:23:21.707524,2010-03-25 20:23:21.707553,2010-03-25 20:23:21.707568,1172,3,NA,55,61358,NA
190,2010-03-25 20:23:21.732021,2010-03-25 20:23:21.732044,2010-03-25 20:23:21.732060,1201,3,NA,55,61359,NA
191,2010-03-25 20:23:21.757075,2010-03-25 20:23:21.757103,2010-03-25 20:23:21.757119,798,3,NA,55,61360,NA
192,2010-03-25 20:23:21.781669,2010-03-25 20:23:21.781691,2010-03-25 20:23:21.781707,205,3,NA,55,61361,NA
193,2010-03-25 20:23:21.814414,2010-03-25 20:23:21.814441,2010-03-25 20:23:21.814456,1222,3,NA,55,61362,NA
194,2010-03-25 20:23:21.840604,2010-03-25 20:23:21.840638,2010-03-25 20:23:21.840654,206,3,NA,55,61363,NA
195,2010-03-25 20:23:21.892464,2010-03-25 20:23:21.892493,2010-03-25 20:23:21.892509,208,3,NA,55,61364,NA
196,2010-03-25 20:23:21.915477,2010-03-25 20:23:21.915503,2010-03-25 20:23:21.915518,209,3,NA,55,61365,NA
197,2010-03-25 20:23:21.940605,2010-03-25 20:23:21.940645,2010-03-25 20:23:21.940661,210,3,NA,55,61366,NA
198,2010-03-25 20:23:21.964071,2010-03-25 20:23:21.964092,2010-03-25 20:23:21.964108,211,3,NA,55,61367,NA
199,2010-03-25 20:23:22.021877,2010-03-25 20:23:22.021899,2010-03-25 20:23:22.021915,212,3,NA,55,61368,NA
200,2010-03-25 20:23:22.071312,2010-03-25 20:23:22.071334,2010-03-25 20:23:22.071350,213,3,NA,55,61369,NA
201,2010-03-25 20:23:22.090369,2010-03-25 20:23:22.090389,2010-03-25 20:23:22.090404,214,3,NA,55,61370,NA
202,2010-03-25 20:23:22.109910,2010-03-25 20:23:22.109930,2010-03-25 20:23:22.109945,207,3,NA,55,61371,NA
203,2010-03-25 20:23:22.132657,2010-03-25 20:23:22.132677,2010-03-25 20:23:22.132692,148,3,NA,55,61372,NA
204,2010-03-25 20:23:22.152837,2010-03-25 20:23:22.152871,2010-03-25 20:23:22.152886,832,3,NA,55,61373,NA
205,2010-03-25 20:23:22.268340,2010-03-25 20:23:22.268359,2010-03-25 20:23:22.268374,836,3,NA,55,61374,NA
206,2010-03-25 20:23:22.289803,2010-03-25 20:23:22.289823,2010-03-25 20:23:22.289838,843,3,NA,55,61375,NA
207,2010-03-25 20:23:22.311561,2010-03-25 20:23:22.311580,2010-03-25 20:23:22.311596,1281,3,NA,55,61376,NA
208,2010-03-25 20:23:22.350669,2010-03-25 20:23:22.350688,2010-03-25 20:23:22.350703,853,3,NA,55,61377,NA
209,2010-03-25 20:23:22.391405,2010-03-25 20:23:22.391426,2010-03-25 20:23:22.391441,1226,3,NA,55,61378,NA
210,2010-03-25 20:23:22.410196,2010-03-25 20:23:22.410215,2010-03-25 20:23:22.410230,1176,3,NA,55,61379,NA
211,2010-03-25 20:23:22.429778,2010-03-25 20:23:22.429797,2010-03-25 20:23:22.429812,1182,3,NA,55,61380,NA
212,2010-03-25 20:23:22.451140,2010-03-25 20:23:22.451159,2010-03-25 20:23:22.451175,1181,3,NA,55,61381,NA
213,2010-03-25 20:23:22.510937,2010-03-25 20:23:22.510959,2010-03-25 20:23:22.510974,1187,3,NA,55,61382,NA
214,2010-03-25 20:23:22.532909,2010-03-25 20:23:22.532929,2010-03-25 20:23:22.532944,1197,3,NA,55,61383,NA
215,2010-03-25 20:23:22.555025,2010-03-25 20:23:22.555048,2010-03-25 20:23:22.555063,1246,3,NA,55,61384,NA
216,2010-03-25 20:23:22.577877,2010-03-25 20:23:22.577920,2010-03-25 20:23:22.577936,862,3,NA,55,61385,NA
217,2010-03-25 20:23:22.642341,2010-03-25 20:23:22.642362,2010-03-25 20:23:22.642378,1229,3,NA,55,61386,NA
218,2010-03-25 20:23:22.664554,2010-03-25 20:23:22.664574,2010-03-25 20:23:22.664589,873,3,NA,55,61387,NA
219,2010-03-25 20:23:22.685727,2010-03-25 20:23:22.685748,2010-03-25 20:23:22.685763,1178,3,NA,55,61388,NA
220,2010-03-25 20:23:22.708075,2010-03-25 20:23:22.708095,2010-03-25 20:23:22.708110,1266,3,NA,55,61389,NA
221,2010-03-25 20:23:22.755707,2010-03-25 20:23:22.755728,2010-03-25 20:23:22.755743,1225,3,NA,55,61390,NA
222,2010-03-25 20:23:22.777803,2010-03-25 20:23:22.777825,2010-03-25 20:23:22.777840,1286,3,NA,55,61391,NA
223,2010-03-25 20:23:22.798441,2010-03-25 20:23:22.798461,2010-03-25 20:23:22.798477,1245,3,NA,55,61392,NA
224,2010-03-25 20:23:23.283649,2010-03-25 20:23:23.283686,2010-03-25 20:23:23.283701,1217,3,NA,55,61393,NA
225,2010-03-25 20:23:23.352999,2010-03-25 20:23:23.353031,2010-03-25 20:23:23.353047,894,3,NA,55,61394,NA
226,2010-03-25 20:23:23.441774,2010-03-25 20:23:23.441803,2010-03-25 20:23:23.441818,1220,3,NA,55,61395,NA
227,2010-03-25 20:23:23.553514,2010-03-25 20:23:23.553535,2010-03-25 20:23:23.553550,1177,3,NA,55,61396,NA
228,2010-03-25 20:23:23.576860,2010-03-25 20:23:23.576880,2010-03-25 20:23:23.576895,914,3,NA,55,61397,NA
229,2010-03-25 20:23:23.601640,2010-03-25 20:23:23.601663,2010-03-25 20:23:23.601678,922,3,NA,55,61398,NA
230,2010-03-25 20:23:23.624788,2010-03-25 20:23:23.624809,2010-03-25 20:23:23.624825,927,3,NA,55,61399,NA
231,2010-03-25 20:23:23.727993,2010-03-25 20:23:23.728036,2010-03-25 20:23:23.728052,928,3,NA,55,61400,NA
232,2010-03-25 20:23:23.756102,2010-03-25 20:23:23.756123,2010-03-25 20:23:23.756138,240,3,NA,55,61401,NA
233,2010-03-25 20:23:23.786003,2010-03-25 20:23:23.786023,2010-03-25 20:23:23.786038,933,3,NA,55,61402,NA
234,2010-03-25 20:23:23.831121,2010-03-25 20:23:23.831141,2010-03-25 20:23:23.831156,242,3,NA,55,61403,NA
235,2010-03-25 20:23:23.855847,2010-03-25 20:23:23.855867,2010-03-25 20:23:23.855882,904,3,NA,55,61404,NA
236,2010-03-25 20:23:23.880028,2010-03-25 20:23:23.880047,2010-03-25 20:23:23.880062,1315,3,NA,55,61405,NA
237,2010-03-25 20:23:23.900133,2010-03-25 20:23:23.900152,2010-03-25 20:23:23.900167,1209,3,NA,55,61406,NA
238,2010-03-25 20:23:23.940726,2010-03-25 20:23:23.940748,2010-03-25 20:23:23.940763,244,3,NA,55,61407,NA
239,2010-03-25 20:23:23.961953,2010-03-25 20:23:23.961973,2010-03-25 20:23:23.961988,939,3,NA,55,61408,NA
240,2010-03-25 20:23:23.984587,2010-03-25 20:23:23.984607,2010-03-25 20:23:23.984622,950,3,NA,55,61409,NA
241,2010-03-25 20:23:24.021715,2010-03-25 20:23:24.021736,2010-03-25 20:23:24.021751,245,3,NA,55,61410,NA
242,2010-03-25 20:23:24.082989,2010-03-25 20:23:24.083008,2010-03-25 20:23:24.083024,246,3,NA,55,61411,NA
243,2010-03-25 20:23:24.105477,2010-03-25 20:23:24.105497,2010-03-25 20:23:24.105512,247,3,NA,55,61412,NA
244,2010-03-25 20:23:24.129641,2010-03-25 20:23:24.129662,2010-03-25 20:23:24.129678,248,3,NA,55,61413,NA
245,2010-03-25 20:23:24.199128,2010-03-25 20:23:24.199168,2010-03-25 20:23:24.199184,249,3,NA,55,61414,NA
246,2010-03-25 20:23:24.221164,2010-03-25 20:23:24.221184,2010-03-25 20:23:24.221199,250,3,NA,55,61415,NA
247,2010-03-25 20:23:24.241002,2010-03-25 20:23:24.241022,2010-03-25 20:23:24.241038,251,3,NA,55,61416,NA
248,2010-03-25 20:23:24.263855,2010-03-25 20:23:24.263875,2010-03-25 20:23:24.263890,988,3,NA,55,61417,NA
249,2010-03-25 20:23:24.315773,2010-03-25 20:23:24.315793,2010-03-25 20:23:24.315808,254,3,NA,55,61418,NA
250,2010-03-25 20:23:24.338182,2010-03-25 20:23:24.338202,2010-03-25 20:23:24.338217,252,3,NA,55,61419,NA
251,2010-03-25 20:23:24.360578,2010-03-25 20:23:24.360603,2010-03-25 20:23:24.360618,1011,3,NA,55,61420,NA
252,2010-03-25 20:23:24.385406,2010-03-25 20:23:24.385429,2010-03-25 20:23:24.385444,255,3,NA,55,61421,NA
253,2010-03-25 20:23:24.425715,2010-03-25 20:23:24.425739,2010-03-25 20:23:24.425755,256,3,NA,55,61422,NA
254,2010-03-25 20:23:24.446848,2010-03-25 20:23:24.446869,2010-03-25 20:23:24.446884,257,3,NA,55,61423,NA
255,2010-03-25 20:23:24.467707,2010-03-25 20:23:24.467727,2010-03-25 20:23:24.467742,258,3,NA,55,61424,NA
256,2010-03-25 20:23:24.520736,2010-03-25 20:23:24.520766,2010-03-25 20:23:24.520782,259,3,NA,55,61425,NA
257,2010-03-25 20:23:24.542719,2010-03-25 20:23:24.542741,2010-03-25 20:23:24.542756,260,3,NA,55,61426,NA
258,2010-03-25 20:23:24.566436,2010-03-25 20:23:24.566476,2010-03-25 20:23:24.566492,1292,3,NA,55,61427,NA
259,2010-03-25 20:23:24.593326,2010-03-25 20:23:24.593351,2010-03-25 20:23:24.593367,318,3,NA,55,61428,NA
260,2010-03-25 20:23:24.644405,2010-03-25 20:23:24.644430,2010-03-25 20:23:24.644445,331,3,NA,55,61429,NA
261,2010-03-25 20:23:24.664900,2010-03-25 20:23:24.664920,2010-03-25 20:23:24.664935,110,3,NA,55,61430,NA
