id,user_id,permission_id
9890,4924,450
9891,4924,451
3035,1416,7
3036,1416,8
3037,1416,9
3038,1416,458
3039,1416,299
3040,1416,300
3041,1416,463
3042,1416,464
3043,1416,456
3044,1416,457
3045,1416,298
3048,3468,457
3049,3537,457
11003,7559,450
11004,7559,451
11005,7559,196
11006,7559,423
11007,7559,424
11008,7559,425
11009,7559,426
11010,7559,427
11011,7559,428
11012,7559,429
11013,7559,430
11014,7559,431
11015,7559,432
11016,7559,433
11017,7559,434
11018,7559,187
11019,7559,188
11020,7559,189
11021,7559,190
11022,7559,191
11023,7559,192
11024,7559,193
11025,7559,194
11026,7559,195
11027,7559,452
11028,7559,197
11029,7559,198
11030,7559,199
11031,7559,200
11032,7559,201
11033,7559,205
11034,7559,206
11035,7559,335
11036,7559,336
11037,7559,334
2246,3172,457
11038,7559,207
9892,4924,196
9893,4924,423
9894,4924,424
9895,4924,425
9896,4924,426
9897,4924,427
9898,4924,428
9899,4924,429
9900,4924,430
9901,4924,431
9902,4924,432
9903,4924,433
9904,4924,434
9905,4924,187
9906,4924,188
9907,4924,189
9908,4924,190
9909,4924,191
9910,4924,192
9911,4924,193
9912,4924,194
9913,4924,195
9914,4924,452
9915,4924,197
9916,4924,198
9917,4924,199
9918,4924,200
9919,4924,201
9920,4924,205
9921,4924,206
9922,4924,335
9923,4924,336
9924,4924,334
9925,4924,207
9926,4811,450
2282,3478,457
20600,7747,304
9927,4811,451
9928,4811,196
9929,4811,423
9930,4811,424
9931,4811,425
9932,4811,426
9933,4811,427
9934,4811,428
9935,4811,429
9936,4811,430
9937,4811,431
9938,4811,432
9939,4811,433
9940,4811,434
11039,6611,8
11040,6611,9
11041,6611,7
9941,4811,187
9942,4811,188
9943,4811,189
2247,3199,457
9944,4811,190
15259,9248,160
15260,9248,353
15261,9248,354
1193,1417,411
1194,1417,453
1195,1417,414
9945,4811,191
9946,4811,192
1670,2658,456
1671,2658,457
1672,2658,458
1673,2661,456
1674,2661,457
1675,2661,458
1677,2664,457
1678,2665,457
1679,2666,457
1680,2667,457
1682,2669,457
1683,2670,457
1684,2671,457
1690,2675,457
1691,2676,457
1692,2677,457
1693,2660,457
1696,2673,457
9947,4811,193
9948,4811,194
9949,4811,195
9950,4811,452
9951,4811,197
9952,4811,198
9953,4811,199
9954,4811,200
9955,4811,201
9956,4811,205
9957,4811,206
9958,4811,335
9959,4811,336
9960,4811,334
9961,4811,207
20601,11142,1
2297,3565,457
2284,2653,457
2285,3522,457
2290,3553,457
2303,2662,457
2251,3272,457
2368,2746,464
2369,2746,462
2370,2746,463
2385,2654,457
2392,2874,456
2393,2874,457
2394,2874,458
2395,2874,299
2396,2874,300
2397,2874,462
2398,2874,463
2399,2874,464
2400,2874,298
9962,5075,486
9963,5075,148
9964,5075,149
9965,5075,150
9966,5075,151
9967,5075,152
9968,5075,153
9969,5075,154
9970,5075,155
9971,5075,156
9972,5075,157
9973,5075,286
3050,3271,457
9974,5075,287
9975,5075,160
9976,5075,289
9977,5075,290
9978,5075,163
9979,5075,292
9980,5075,293
9981,5075,294
9982,5075,295
9983,5075,296
9984,5075,297
9985,5075,298
9986,5075,299
9987,5075,300
9988,5075,301
9989,5075,302
9990,5075,303
9991,5075,304
9992,5075,305
9993,5075,306
9994,5075,307
9995,5075,308
9996,5075,158
9997,5075,159
9998,5075,447
9999,5075,448
10000,5075,449
10001,5075,309
10002,5075,161
10003,5075,162
10004,5075,462
10005,5075,288
10006,5075,464
10007,5075,291
10008,5075,164
10009,5075,463
10010,5075,165
10011,5075,353
10012,5075,354
10013,5075,355
10014,5075,356
10015,5075,357
10016,5075,358
10017,5075,487
10018,5075,488
5096,4803,450
5097,4803,451
5098,4803,196
5099,4803,423
5100,4803,424
5101,4803,425
5102,4803,426
5103,4803,427
5104,4803,428
5105,4803,429
5106,4803,430
5107,4803,431
5108,4803,432
5109,4803,433
5110,4803,434
5111,4803,187
5112,4803,188
5113,4803,189
5114,4803,190
5115,4803,191
5116,4803,192
5117,4803,193
5118,4803,194
5119,4803,195
5120,4803,452
5121,4803,197
5122,4803,198
5123,4803,199
5124,4803,200
5125,4803,201
5126,4803,205
5127,4803,206
5128,4803,335
5129,4803,336
5130,4803,334
5131,4803,207
4298,2672,457
4299,2674,457
4301,2663,441
15262,9248,355
15263,9248,356
15264,9248,357
15265,9248,358
15266,9248,7
15267,9248,8
15268,9248,9
15269,9248,162
15270,9248,161
15271,9248,304
15272,9248,305
15273,9248,306
15274,9248,163
15275,9248,308
15276,9248,307
15277,9248,164
15278,9248,165
15279,9248,309
20602,11142,2
20603,11142,3
20604,11142,4
20605,11142,5
20606,11142,6
20607,11142,7
20608,11142,8
20609,11142,9
20610,11142,13
20611,11142,14
20612,11142,15
20613,11142,16
20614,11142,17
20615,11142,18
20616,11142,19
20617,11142,20
20618,11142,21
20619,11142,22
20620,11142,23
20621,11142,24
20622,11142,25
20623,11142,26
20624,11142,27
20625,11142,28
20626,11142,29
20627,11142,30
20628,11142,31
20629,11142,32
20630,11142,33
20631,11142,34
20632,11142,35
20633,11142,36
20634,11142,37
20635,11142,38
20636,11142,39
20637,11142,40
20638,11142,41
20639,11142,42
20640,11142,43
20641,11142,44
18104,11150,450
18105,11150,451
18106,11150,452
18107,11150,423
18108,11150,424
18109,11150,425
18110,11150,426
18111,11150,427
18112,11150,428
18113,11150,429
18114,11150,430
18115,11150,431
18116,11150,432
18117,11150,433
18118,11150,434
18119,11150,187
18120,11150,188
18121,11150,189
18122,11150,190
18123,11150,191
18124,11150,192
18125,11150,193
18126,11150,194
18127,11150,195
18128,11150,196
18129,11150,197
18130,11150,198
18131,11150,199
18132,11150,200
18133,11150,201
18134,11150,205
18135,11150,206
18136,11150,207
18137,11150,336
18138,11150,334
18139,11150,335
18140,11709,429
18141,11709,430
18142,3855,486
18143,3855,148
18144,3855,149
18145,3855,151
18146,3855,152
15280,6253,7
15281,6253,8
15282,6253,9
15283,6253,458
15284,6253,456
15285,6253,457
15286,9249,7
15287,9249,8
15288,9249,9
15289,9249,148
15290,9249,149
15291,9249,150
15292,9249,151
15293,9249,152
15294,9249,153
15295,9249,154
15296,9249,155
15297,9249,156
15298,9249,157
15299,9249,158
15300,9249,159
15301,9249,160
15302,9249,161
15303,9249,162
15304,9249,163
15305,9249,164
15306,9249,165
15307,9249,169
15308,9249,170
15309,9249,171
15310,9249,172
15311,9249,173
15312,9249,174
15313,9249,181
15314,9249,182
15315,9249,183
15316,9249,187
15317,9249,188
15318,9249,189
15319,9249,190
15320,9249,191
4662,4496,49
4663,4496,50
4664,4496,51
4665,4496,52
4666,4496,53
4667,4496,54
4668,4496,55
4669,4496,56
4670,4496,57
4671,4496,58
4672,4496,59
4673,4496,60
4674,4496,61
4675,4496,62
4676,4496,63
4677,4496,64
4678,4496,65
4679,4496,66
4680,4496,67
4681,4496,68
4682,4496,69
4683,4496,70
4684,4496,71
4685,4496,72
4686,4496,73
4687,4496,74
4688,4496,75
4689,4496,76
4690,4496,77
4691,4496,78
4692,4496,79
4693,4496,80
4694,4496,81
4695,4496,82
4696,4496,83
4697,4496,84
4698,4496,85
4699,4496,86
4700,4496,87
4701,4496,88
4702,4496,89
4703,4496,90
4704,4496,91
4705,4496,92
4706,4496,93
4707,4496,94
4708,4496,95
4709,4496,96
4710,4496,97
4711,4496,98
4712,4496,99
4713,4496,100
4714,4496,101
4715,4496,102
4716,4496,103
4717,4496,104
4718,4496,105
4719,4496,106
4720,4496,107
4721,4496,108
4722,4496,109
4723,4496,110
4724,4496,111
4725,4496,115
4726,4496,116
4727,4496,117
4728,4496,118
4729,4496,119
4730,4496,120
4731,4496,124
4732,4496,125
4733,4496,126
4734,4496,127
4735,4496,128
4736,4496,129
4737,4496,130
4738,4496,131
4739,4496,132
4740,4496,133
4741,4496,134
4742,4496,135
4743,4496,136
4744,4496,137
4745,4496,138
4746,4496,139
4747,4496,140
4748,4496,141
4749,4496,187
4750,4496,188
4751,4496,189
4752,4496,190
4753,4496,191
4754,4496,192
4755,4496,193
4756,4496,194
4757,4496,195
4758,4496,196
4759,4496,197
4760,4496,198
4761,4496,199
4762,4496,200
4763,4496,201
4764,4496,205
4765,4496,206
4766,4496,207
4767,4496,208
4768,4496,209
4769,4496,210
4770,4496,211
4771,4496,212
4772,4496,213
4773,4496,214
4774,4496,215
4775,4496,216
4776,4496,217
4777,4496,218
4778,4496,219
4779,4496,220
4780,4496,221
4781,4496,222
4782,4496,223
4783,4496,224
4784,4496,225
4785,4496,226
4786,4496,227
4787,4496,228
4788,4496,229
4789,4496,230
4790,4496,231
4791,4496,232
4792,4496,233
4793,4496,234
4794,4496,235
4795,4496,236
4796,4496,237
4797,4496,238
4798,4496,239
4799,4496,240
4800,4496,241
4801,4496,242
4802,4496,243
4803,4496,244
4804,4496,245
4805,4496,246
4806,4496,247
4807,4496,248
4808,4496,249
4809,4496,250
4810,4496,251
4811,4496,252
4812,4496,256
4813,4496,257
4814,4496,258
4815,4496,259
4816,4496,260
4817,4496,261
4818,4496,262
4819,4496,263
4820,4496,264
4821,4496,265
4822,4496,266
4823,4496,267
4824,4496,268
4825,4496,269
4826,4496,270
4827,4496,271
9342,4497,486
9343,4497,148
9344,4497,149
9345,4497,150
9346,4497,151
9347,4497,152
9348,4497,153
9349,4497,154
9350,4497,155
9351,4497,156
9352,4497,157
9353,4497,286
9354,4497,287
9355,4497,160
9356,4497,289
9357,4497,290
9358,4497,163
9359,4497,292
9360,4497,293
9361,4497,294
9362,4497,295
9363,4497,296
9364,4497,297
9365,4497,298
9366,4497,299
9367,4497,300
9368,4497,301
9369,4497,302
9370,4497,303
9371,4497,304
9372,4497,305
9373,4497,306
9374,4497,307
9375,4497,308
9376,4497,158
9377,4497,159
9378,4497,447
9379,4497,448
4828,4496,272
4829,4496,273
4830,4496,274
4831,4496,275
4832,4496,276
4833,4496,277
4834,4496,278
4835,4496,279
4836,4496,334
4837,4496,335
4838,4496,336
4839,4496,350
4840,4496,351
4841,4496,352
4842,4496,371
4843,4496,372
4844,4496,373
4845,4496,398
4846,4496,399
4847,4496,400
4848,4496,401
4849,4496,402
4850,4496,403
4851,4496,420
4852,4496,421
4853,4496,422
4854,4496,423
4855,4496,424
4856,4496,425
4857,4496,426
4858,4496,427
4859,4496,428
4860,4496,429
4861,4496,430
4862,4496,431
4863,4496,432
4864,4496,433
4865,4496,434
4866,4496,450
4867,4496,451
4868,4496,452
4869,4496,498
4870,4496,499
4871,4496,500
4872,4496,501
4873,4496,502
4874,4496,503
4875,4496,504
4876,4496,505
4877,4496,506
4878,4498,49
4879,4498,50
4880,4498,51
4881,4498,52
4882,4498,53
4883,4498,54
4884,4498,55
4885,4498,56
4886,4498,57
4887,4498,58
4888,4498,59
4889,4498,60
4890,4498,61
4891,4498,62
4892,4498,63
4893,4498,64
4894,4498,65
4895,4498,66
4896,4498,67
4897,4498,68
4898,4498,69
4899,4498,70
4900,4498,71
4901,4498,72
4902,4498,73
4903,4498,74
4904,4498,75
4905,4498,76
4906,4498,77
4907,4498,78
4908,4498,79
4909,4498,80
4910,4498,81
4911,4498,82
4912,4498,83
4913,4498,84
4914,4498,85
4915,4498,86
4916,4498,87
4917,4498,88
4918,4498,89
4919,4498,90
4920,4498,91
4921,4498,92
4922,4498,93
4923,4498,94
4924,4498,95
4925,4498,96
4926,4498,97
4927,4498,98
4928,4498,99
4929,4498,100
4930,4498,101
4931,4498,102
4932,4498,103
4933,4498,104
4934,4498,105
4935,4498,106
4936,4498,107
4937,4498,108
4938,4498,109
4939,4498,110
4940,4498,111
4941,4498,115
4942,4498,116
4943,4498,117
4944,4498,118
4945,4498,119
4946,4498,120
4947,4498,124
4948,4498,125
4949,4498,126
4950,4498,127
4951,4498,128
4952,4498,129
4953,4498,130
4954,4498,131
4955,4498,132
4956,4498,133
4957,4498,134
4958,4498,135
4959,4498,136
4960,4498,137
4961,4498,138
4962,4498,139
4963,4498,140
4964,4498,141
4965,4498,208
4966,4498,209
4967,4498,210
4968,4498,211
4969,4498,212
4970,4498,213
4971,4498,214
4972,4498,215
4973,4498,216
4974,4498,217
4975,4498,218
4976,4498,219
4977,4498,220
4978,4498,221
4979,4498,222
4980,4498,223
4981,4498,224
4982,4498,225
4983,4498,226
4984,4498,227
4985,4498,228
4986,4498,229
4987,4498,230
4988,4498,231
4989,4498,232
4990,4498,233
4991,4498,234
4992,4498,235
4993,4498,236
4994,4498,237
4995,4498,238
4996,4498,239
4997,4498,240
4998,4498,241
4999,4498,242
5000,4498,243
5001,4498,244
5002,4498,245
5003,4498,246
5004,4498,247
5005,4498,248
5006,4498,249
5007,4498,250
5008,4498,251
5009,4498,252
5010,4498,256
5011,4498,257
5012,4498,258
5013,4498,259
5014,4498,260
5015,4498,261
5016,4498,262
5017,4498,263
5018,4498,264
5019,4498,265
5020,4498,266
5021,4498,267
5022,4498,268
5023,4498,269
5024,4498,270
5025,4498,271
5026,4498,272
5027,4498,273
5028,4498,274
5029,4498,275
5030,4498,276
5031,4498,277
5032,4498,278
5033,4498,279
5034,4498,350
5035,4498,351
5036,4498,352
5037,4498,371
5038,4498,372
5039,4498,373
5040,4498,398
5041,4498,399
5042,4498,400
5043,4498,401
5044,4498,402
5045,4498,403
5046,4498,420
5047,4498,421
5048,4498,422
5049,4498,498
5050,4498,499
5051,4498,500
5052,4498,501
5053,4498,502
5054,4498,503
5055,4498,504
5056,4498,505
5057,4498,506
9380,4497,449
9381,4497,309
9382,4497,161
9383,4497,162
5373,3397,457
9384,4497,462
9385,4497,288
9386,4497,464
9387,4497,291
9388,4497,164
9389,4497,463
9390,4497,165
9391,4497,353
9392,4497,354
9393,4497,355
9394,4497,356
9395,4497,357
9396,4497,358
9397,4497,487
9398,4497,488
15321,9249,192
15322,9249,199
15323,9249,200
15324,9249,201
15325,9249,286
15326,9249,287
15327,9249,288
15328,9249,289
15329,9249,290
15330,9249,291
15331,9249,292
15332,9249,293
15333,9249,294
15334,9249,295
15335,9249,296
15336,9249,297
15337,9249,298
15338,9249,299
15339,9249,300
15340,9249,301
15341,9249,302
15342,9249,303
15343,9249,304
15344,9249,305
15345,9249,306
15346,9249,307
15347,9249,308
15348,9249,309
15349,9249,334
15350,9249,335
15351,9249,336
15352,9249,353
15353,9249,354
15354,9249,355
15355,9249,356
15356,9249,357
15357,9249,358
15358,9249,423
15359,9249,424
15360,9249,425
15361,9249,426
15362,9249,427
15363,9249,428
15364,9249,429
15365,9249,430
15366,9249,431
15367,9249,432
15368,9249,433
15369,9249,434
15370,9249,447
15371,9249,448
15372,9249,449
15373,9249,450
15374,9249,451
9399,3839,450
9400,3839,451
9401,3839,196
9402,3839,423
9403,3839,424
9404,3839,425
9405,3839,426
9406,3839,427
9407,3839,428
9408,3839,429
9409,3839,430
9410,3839,431
9411,3839,432
9412,3839,433
9413,3839,434
9414,3839,187
9415,3839,188
9416,3839,189
9417,3839,190
9418,3839,191
9419,3839,192
9420,3839,193
9421,3839,194
9422,3839,195
9423,3839,452
9424,3839,197
9425,3839,198
9426,3839,199
9427,3839,200
9428,3839,201
9429,3839,205
9430,3839,206
9431,3839,335
9432,3839,336
9433,3839,334
9434,3839,207
9435,3854,486
9436,3854,148
9437,3854,151
9438,3854,152
9439,3854,154
9440,3854,155
9441,3854,157
9442,3854,286
9443,3854,287
9444,3854,160
9445,3854,289
9446,3854,290
9447,3854,163
9448,3854,292
9449,3854,293
9450,3854,295
9451,3854,296
9452,3854,298
9453,3854,302
9454,3854,304
9455,3854,305
9456,3854,306
9457,3854,307
9458,3854,308
9459,3854,309
9460,3854,447
9461,3854,448
9462,3854,161
9463,3854,162
9464,3854,462
9465,3854,463
9466,3854,464
9467,3854,164
9468,3854,353
9469,3854,354
9470,3854,356
9471,3854,357
9472,3854,358
9473,3854,487
20642,11142,45
9474,5627,486
9475,5627,148
9476,5627,149
9477,5627,150
9478,5627,151
9479,5627,152
9480,5627,153
9481,5627,154
9482,5627,155
9483,5627,156
9484,5627,157
9485,5627,286
9486,5627,287
9487,5627,160
9488,5627,289
9489,5627,290
9490,5627,163
9491,5627,292
9492,5627,293
9493,5627,294
9494,5627,295
9495,5627,296
9496,5627,297
9497,5627,298
9498,5627,299
9499,5627,300
9500,5627,301
9501,5627,302
9502,5627,303
9503,5627,304
9504,5627,305
9505,5627,306
9506,5627,307
9507,5627,308
9508,5627,158
9509,5627,159
9510,5627,447
9511,5627,448
9512,5627,288
9513,5627,309
9514,5627,161
9515,5627,162
9516,5627,462
9517,5627,463
9518,5627,464
9519,5627,291
9520,5627,164
9521,5627,165
9522,5627,353
9523,5627,354
9524,5627,355
9525,5627,356
9526,5627,357
9527,5627,358
9528,5627,487
9529,5627,488
8531,5615,486
8532,5615,148
8533,5615,149
8534,5615,150
8535,5615,151
8536,5615,152
8537,5615,153
8538,5615,154
8539,5615,155
8540,5615,156
8541,5615,157
8542,5615,286
8543,5615,287
8544,5615,160
8545,5615,289
8546,5615,290
8547,5615,163
8548,5615,292
8549,5615,293
8550,5615,294
8551,5615,295
8552,5615,296
8553,5615,297
8554,5615,298
8555,5615,299
8556,5615,300
8557,5615,301
8558,5615,302
8559,5615,303
8560,5615,304
8561,5615,305
8562,5615,306
8563,5615,307
8564,5615,308
8565,5615,158
8566,5615,159
8567,5615,447
8568,5615,448
8569,5615,288
8570,5615,309
8571,5615,161
8572,5615,162
8573,5615,462
8574,5615,463
8575,5615,464
8576,5615,291
8577,5615,164
8578,5615,165
8579,5615,353
8580,5615,354
8581,5615,355
8582,5615,356
8583,5615,357
8584,5615,358
8585,5615,487
8586,5615,488
8587,5616,486
8588,5616,148
8589,5616,149
8590,5616,150
8591,5616,151
8592,5616,152
8593,5616,153
8594,5616,154
8595,5616,155
8596,5616,156
8597,5616,157
8598,5616,286
8599,5616,287
8600,5616,160
8601,5616,289
8602,5616,290
8603,5616,163
8604,5616,292
8605,5616,293
8606,5616,294
8607,5616,295
8608,5616,296
8609,5616,297
8610,5616,299
8611,5616,300
8612,5616,301
8613,5616,302
8614,5616,303
8615,5616,304
8616,5616,305
8617,5616,306
8618,5616,307
8619,5616,308
8620,5616,158
8621,5616,159
8622,5616,447
8623,5616,448
8624,5616,288
8625,5616,309
8626,5616,161
8627,5616,162
8628,5616,462
8629,5616,463
8630,5616,464
8631,5616,291
8632,5616,164
8633,5616,165
8634,5616,353
8635,5616,354
8636,5616,355
8637,5616,356
8638,5616,357
8639,5616,358
8640,5616,487
8641,5616,488
8642,5621,450
8643,5621,451
8644,5621,196
8645,5621,423
8646,5621,424
8647,5621,425
8648,5621,426
8649,5621,427
8650,5621,428
8651,5621,429
8652,5621,430
8653,5621,431
8654,5621,432
8655,5621,433
8656,5621,434
8657,5621,187
8658,5621,188
8659,5621,189
8660,5621,190
8661,5621,191
8662,5621,192
8663,5621,193
8664,5621,194
8665,5621,195
8666,5621,452
8667,5621,197
8668,5621,198
8669,5621,199
8670,5621,200
8671,5621,201
8672,5621,205
8673,5621,206
8674,5621,335
8675,5621,336
8676,5621,334
8677,5621,207
8678,5625,450
8679,5625,451
8680,5625,196
8681,5625,423
8682,5625,424
8683,5625,425
8684,5625,426
8685,5625,427
8686,5625,428
8687,5625,429
8688,5625,430
8689,5625,431
8690,5625,432
8691,5625,433
8692,5625,434
8693,5625,187
8694,5625,188
8695,5625,189
8696,5625,190
8697,5625,191
8698,5625,192
8699,5625,193
8700,5625,194
8701,5625,195
8702,5625,452
8703,5625,197
8704,5625,198
8705,5625,199
8706,5625,200
8707,5625,201
8708,5625,205
8709,5625,206
8710,5625,335
8711,5625,336
8712,5625,334
8713,5625,207
9710,4841,49
9711,4841,50
9712,4841,51
9713,4841,52
9714,4841,53
9715,4841,54
9716,4841,55
9717,4841,56
9718,4841,57
9719,4841,58
9720,4841,59
9721,4841,60
9722,4841,61
9723,4841,62
9724,4841,63
9725,4841,64
9726,4841,65
9727,4841,66
9728,4841,67
9729,4841,68
9730,4841,69
9731,4841,70
9732,4841,71
9733,4841,72
9734,4841,73
9735,4841,74
9736,4841,75
9737,4841,76
9738,4841,77
9739,4841,78
9740,4841,79
9741,4841,80
9742,4841,81
9743,4841,82
9744,4841,83
9745,4841,84
9746,4841,85
9747,4841,86
9748,4841,87
9749,4841,88
9750,4841,89
9751,4841,90
9752,4841,91
9753,4841,92
9754,4841,93
9755,4841,94
9756,4841,95
9757,4841,96
9758,4841,97
9759,4841,98
9760,4841,99
9761,4841,100
9762,4841,101
9763,4841,102
9764,4841,103
9765,4841,104
9766,4841,105
9767,4841,106
9768,4841,107
9769,4841,108
9770,4841,109
9771,4841,110
9772,4841,111
9773,4841,115
9774,4841,116
9775,4841,117
9776,4841,118
9777,4841,119
9778,4841,120
9779,4841,124
9780,4841,125
9781,4841,126
9782,4841,127
9783,4841,128
9784,4841,129
9785,4841,130
9786,4841,131
9787,4841,132
9788,4841,133
9789,4841,134
9790,4841,135
9791,4841,136
9792,4841,137
9793,4841,138
9794,4841,139
9795,4841,140
9796,4841,141
9797,4841,208
9798,4841,209
9799,4841,210
9800,4841,211
9801,4841,212
9802,4841,213
9803,4841,214
9804,4841,215
9805,4841,216
9806,4841,217
9807,4841,218
9808,4841,219
9809,4841,220
9810,4841,221
9811,4841,222
9812,4841,223
9813,4841,224
9814,4841,225
9815,4841,226
9816,4841,227
9817,4841,228
9818,4841,229
9819,4841,230
9820,4841,231
9821,4841,232
9822,4841,233
9823,4841,234
9824,4841,235
9825,4841,236
9826,4841,237
9827,4841,238
9828,4841,239
9829,4841,240
9830,4841,241
9831,4841,242
9832,4841,243
9833,4841,244
9834,4841,245
9835,4841,246
9836,4841,247
9837,4841,248
9838,4841,249
9839,4841,250
9840,4841,251
9841,4841,252
9842,4841,256
9843,4841,257
9844,4841,258
9845,4841,259
9846,4841,260
9847,4841,261
9848,4841,262
9849,4841,263
9850,4841,264
9851,4841,265
9852,4841,266
9853,4841,267
9854,4841,268
9855,4841,269
9856,4841,270
9857,4841,271
9858,4841,272
9859,4841,273
9860,4841,274
9861,4841,275
9862,4841,276
9863,4841,277
9864,4841,278
9865,4841,279
9866,4841,350
9867,4841,351
9868,4841,352
9869,4841,371
9870,4841,372
9871,4841,373
9872,4841,398
9873,4841,399
9874,4841,400
9875,4841,401
9876,4841,402
9877,4841,403
9878,4841,420
9879,4841,421
9880,4841,422
9881,4841,498
9882,4841,499
9883,4841,500
9884,4841,501
9885,4841,502
9886,4841,503
9887,4841,504
9530,4840,49
9531,4840,50
9532,4840,51
9533,4840,52
9534,4840,53
9535,4840,54
9536,4840,55
9537,4840,56
9538,4840,57
9539,4840,58
9540,4840,59
9541,4840,60
9542,4840,61
9543,4840,62
9544,4840,63
9545,4840,64
9546,4840,65
9547,4840,66
9548,4840,67
9549,4840,68
9550,4840,69
9551,4840,70
9552,4840,71
9553,4840,72
9554,4840,73
9555,4840,74
9556,4840,75
9557,4840,76
9558,4840,77
9559,4840,78
9560,4840,79
9561,4840,80
9562,4840,81
9563,4840,82
9564,4840,83
9565,4840,84
9566,4840,85
9567,4840,86
9568,4840,87
9569,4840,88
9570,4840,89
9571,4840,90
9572,4840,91
9573,4840,92
9574,4840,93
9575,4840,94
9576,4840,95
9577,4840,96
9578,4840,97
9579,4840,98
9580,4840,99
9581,4840,100
9582,4840,101
9583,4840,102
9584,4840,103
9585,4840,104
9586,4840,105
9587,4840,106
9588,4840,107
9589,4840,108
9590,4840,109
9591,4840,110
9592,4840,111
9593,4840,115
9594,4840,116
9595,4840,117
9596,4840,118
9597,4840,119
9598,4840,120
9599,4840,124
9600,4840,125
9601,4840,126
9602,4840,127
9603,4840,128
9604,4840,129
9605,4840,130
9606,4840,131
9607,4840,132
9608,4840,133
9609,4840,134
9610,4840,135
9611,4840,136
9612,4840,137
9613,4840,138
9614,4840,139
9615,4840,140
9616,4840,141
9617,4840,208
9618,4840,209
9619,4840,210
9620,4840,211
9621,4840,212
9622,4840,213
9623,4840,214
9624,4840,215
9625,4840,216
9626,4840,217
9627,4840,218
9628,4840,219
9629,4840,220
9630,4840,221
9631,4840,222
9632,4840,223
9633,4840,224
9634,4840,225
9635,4840,226
9636,4840,227
9637,4840,228
9638,4840,229
9639,4840,230
9640,4840,231
9641,4840,232
9642,4840,233
9643,4840,234
9644,4840,235
9645,4840,236
9646,4840,237
9647,4840,238
9648,4840,239
9649,4840,240
9650,4840,241
9651,4840,242
9652,4840,243
9653,4840,244
9654,4840,245
9655,4840,246
9656,4840,247
9657,4840,248
9658,4840,249
9659,4840,250
9660,4840,251
9661,4840,252
9662,4840,256
9663,4840,257
9664,4840,258
9665,4840,259
9666,4840,260
9667,4840,261
9668,4840,262
9669,4840,263
9670,4840,264
9671,4840,265
9672,4840,266
9673,4840,267
9674,4840,268
9675,4840,269
9676,4840,270
9677,4840,271
9678,4840,272
9679,4840,273
9680,4840,274
9681,4840,275
9682,4840,276
9683,4840,277
9684,4840,278
9685,4840,279
9686,4840,350
9687,4840,351
9688,4840,352
9689,4840,371
9690,4840,372
9691,4840,373
9692,4840,398
9693,4840,399
9694,4840,400
9695,4840,401
9696,4840,402
9697,4840,403
9698,4840,420
9699,4840,421
9700,4840,422
9701,4840,498
9702,4840,499
9703,4840,500
9704,4840,501
9705,4840,502
9706,4840,503
9707,4840,504
9708,4840,505
9709,4840,506
9888,4841,505
9889,4841,506
10237,3901,262
10238,3901,7
10239,3901,8
10240,3901,407
10241,3901,410
10242,3901,263
10243,3901,59
10244,3901,456
10245,3901,457
10246,3901,465
10247,3901,466
10248,3901,467
10249,3901,468
10250,3901,469
10251,3901,470
10252,3901,471
10253,3901,472
10254,3901,473
10255,3901,474
10256,3901,475
10257,3901,476
10258,3901,223
10259,3901,368
10260,3901,369
10261,3901,370
10298,6099,450
10299,6099,451
10300,6099,196
10301,6099,423
10302,6099,424
10303,6099,425
10304,6099,426
10305,6099,427
10306,6099,428
10307,6099,429
10308,6099,430
10309,6099,431
10310,6099,432
10311,6099,433
10312,6099,434
10313,6099,187
10314,6099,188
10315,6099,189
10316,6099,190
10317,6099,191
10318,6099,192
10319,6099,193
10320,6099,194
10321,6099,195
10322,6099,452
10323,6099,197
10324,6099,198
10325,6099,199
10326,6099,200
10327,6099,201
10328,6099,205
10329,6099,206
10330,6099,335
10331,6099,336
10332,6099,334
10333,6099,207
20643,11142,46
20644,11142,47
20645,11142,48
18147,3855,154
18148,3855,155
18149,3855,156
18150,3855,157
18151,3855,286
18152,3855,287
18153,3855,288
20646,11142,49
20647,11142,50
20648,11142,51
20649,11142,52
20650,11142,53
20651,11142,54
10468,2668,457
17044,9962,229
17045,9962,230
17046,9962,231
20652,11142,55
20653,11142,56
20654,11142,57
10478,6599,338
10479,6599,445
10481,3392,457
10502,6707,457
10507,40,456
10508,40,457
10509,40,458
10510,40,299
10511,40,300
10512,40,462
10513,40,463
10514,40,464
10515,40,298
10516,41,410
10517,44,7
10518,44,8
10519,44,9
10520,44,298
10521,44,299
10522,44,300
10523,44,462
10524,44,463
20655,11142,58
20656,11142,59
20657,11142,60
20658,11142,61
20659,11142,62
20660,11142,63
20661,11142,64
20662,11142,65
20663,11142,66
24341,3784,1
24342,3784,2
24343,3784,3
24344,3784,4
24345,3784,5
24346,3784,6
24347,3784,7
24348,3784,8
24349,3784,9
24350,3784,13
24351,3784,14
24352,3784,15
24353,3784,16
24354,3784,17
24355,3784,18
24356,3784,19
20664,11142,67
20665,11142,68
20666,11142,69
20667,11142,70
20668,11142,71
20669,11142,72
20670,11142,73
20671,11142,74
20672,11142,75
20673,11142,76
20674,11142,77
20675,11142,78
20676,11142,79
20677,11142,80
20678,11142,81
20679,11142,82
20680,11142,83
20681,11142,84
20682,11142,85
20683,11142,86
20684,11142,87
20685,11142,88
20686,11142,89
20687,11142,90
20688,11142,91
10575,1428,1
10576,1428,2
10577,1428,3
10578,1428,4
10579,1428,5
10580,1428,6
10581,1428,7
10582,1428,8
10583,1428,9
20689,11142,92
10587,1428,13
10588,1428,14
10589,1428,15
10590,1428,16
10591,1428,17
10592,1428,18
10593,1428,19
10594,1428,20
10595,1428,21
10596,1428,22
10597,1428,23
10598,1428,24
10599,1428,25
10600,1428,26
10601,1428,27
10602,1428,28
10603,1428,29
10604,1428,30
10605,1428,31
10606,1428,32
10607,1428,33
10608,1428,34
10609,1428,35
10610,1428,36
10611,1428,37
10612,1428,38
10613,1428,39
10614,1428,40
10615,1428,41
10616,1428,42
10617,1428,43
10618,1428,44
10619,1428,45
10620,1428,46
10621,1428,47
10622,1428,48
10623,1428,49
10624,1428,50
10625,1428,51
10626,1428,52
10627,1428,53
10628,1428,54
10629,1428,55
10630,1428,56
10631,1428,57
10632,1428,58
10633,1428,59
10634,1428,60
10635,1428,61
10636,1428,62
10637,1428,63
10638,1428,64
10639,1428,65
10640,1428,66
10641,1428,67
10642,1428,68
10643,1428,69
10644,1428,70
10645,1428,71
10646,1428,72
10647,1428,73
10648,1428,74
10649,1428,75
10650,1428,76
10651,1428,77
10652,1428,78
10653,1428,79
10654,1428,80
10655,1428,81
10656,1428,82
10657,1428,83
10658,1428,84
10659,1428,85
10660,1428,86
10661,1428,87
10662,1428,88
10663,1428,89
10664,1428,90
10665,1428,91
10666,1428,92
10667,1428,93
10668,1428,94
10669,1428,95
10670,1428,96
10671,1428,97
10672,1428,98
10673,1428,99
10674,1428,100
10675,1428,101
10676,1428,102
10677,1428,103
10678,1428,104
10679,1428,105
10680,1428,106
10681,1428,107
10682,1428,108
10683,1428,109
10684,1428,110
10685,1428,111
10686,1428,115
10687,1428,116
10688,1428,117
10689,1428,118
10690,1428,119
10691,1428,120
10692,1428,124
10693,1428,125
10694,1428,126
10695,1428,127
10696,1428,128
10697,1428,129
10698,1428,130
10699,1428,131
10700,1428,132
10701,1428,133
10702,1428,134
10703,1428,135
10704,1428,136
10705,1428,137
10706,1428,138
10707,1428,139
10708,1428,140
10709,1428,141
10710,1428,148
10711,1428,149
10712,1428,150
10713,1428,151
10714,1428,152
10715,1428,153
10716,1428,154
10717,1428,155
10718,1428,156
10719,1428,157
10720,1428,158
10721,1428,159
10722,1428,160
10723,1428,161
10724,1428,162
10725,1428,163
10726,1428,164
10727,1428,165
10728,1428,166
10729,1428,167
10730,1428,168
10731,1428,169
10732,1428,170
10733,1428,171
10734,1428,172
10735,1428,173
10736,1428,174
10737,1428,175
10738,1428,176
10739,1428,177
10740,1428,178
10741,1428,179
10742,1428,180
10743,1428,181
10744,1428,182
10745,1428,183
10746,1428,184
10747,1428,185
10748,1428,186
10749,1428,187
10750,1428,188
10751,1428,189
10752,1428,190
10753,1428,191
10754,1428,192
10755,1428,193
10756,1428,194
10757,1428,195
10758,1428,196
10759,1428,197
10760,1428,198
10761,1428,199
10762,1428,200
10763,1428,201
10764,1428,205
10765,1428,206
10766,1428,207
10767,1428,208
10768,1428,209
10769,1428,210
10770,1428,211
10771,1428,212
10772,1428,213
10773,1428,214
10774,1428,215
10775,1428,216
10776,1428,217
10777,1428,218
10778,1428,219
10779,1428,220
10780,1428,221
10781,1428,222
10782,1428,223
10783,1428,224
10784,1428,225
10785,1428,226
10786,1428,227
10787,1428,228
10788,1428,229
10789,1428,230
10790,1428,231
10791,1428,232
10792,1428,233
10793,1428,234
10794,1428,235
10795,1428,236
10796,1428,237
10797,1428,238
10798,1428,239
10799,1428,240
10800,1428,241
10801,1428,242
10802,1428,243
10803,1428,244
10804,1428,245
10805,1428,246
10806,1428,247
10807,1428,248
10808,1428,249
10809,1428,250
10810,1428,251
10811,1428,252
10812,1428,256
10813,1428,257
10814,1428,258
10815,1428,259
10816,1428,260
10817,1428,261
10818,1428,262
10819,1428,263
10820,1428,264
10821,1428,265
10822,1428,266
10823,1428,267
10824,1428,268
10825,1428,269
10826,1428,270
10827,1428,271
10828,1428,272
10829,1428,273
10830,1428,274
10831,1428,275
10832,1428,276
10833,1428,277
10834,1428,278
10835,1428,279
10836,1428,286
10837,1428,287
10838,1428,288
10839,1428,289
10840,1428,290
10841,1428,291
10842,1428,292
10843,1428,293
10844,1428,294
10845,1428,295
10846,1428,296
10847,1428,297
10848,1428,298
10849,1428,299
10850,1428,300
10851,1428,301
10852,1428,302
10853,1428,303
10854,1428,304
10855,1428,305
10856,1428,306
10857,1428,307
10858,1428,308
10859,1428,309
10860,1428,310
10861,1428,311
10862,1428,312
10863,1428,313
10864,1428,314
10865,1428,315
10866,1428,316
10867,1428,317
10868,1428,318
10869,1428,319
10870,1428,320
10871,1428,321
10872,1428,322
10873,1428,323
10874,1428,324
10875,1428,325
10876,1428,326
10877,1428,327
10878,1428,328
10879,1428,329
10880,1428,330
10881,1428,331
10882,1428,332
10883,1428,333
10884,1428,334
10885,1428,335
10886,1428,336
10887,1428,337
10888,1428,338
10889,1428,339
10890,1428,340
10891,1428,341
10892,1428,342
10893,1428,343
10894,1428,344
10895,1428,345
10896,1428,346
10897,1428,350
10898,1428,351
10899,1428,352
10900,1428,353
10901,1428,354
10902,1428,355
10903,1428,356
10904,1428,357
10905,1428,358
10906,1428,359
10907,1428,360
10908,1428,361
10909,1428,362
10910,1428,363
10911,1428,364
10912,1428,365
10913,1428,366
10914,1428,367
10915,1428,368
10916,1428,369
10917,1428,370
10918,1428,371
10919,1428,372
10920,1428,373
10921,1428,374
10922,1428,375
10923,1428,376
10924,1428,377
10925,1428,378
10926,1428,379
10927,1428,380
10928,1428,381
10929,1428,382
10930,1428,383
10931,1428,384
10932,1428,385
10933,1428,386
10934,1428,387
10935,1428,388
10936,1428,389
10937,1428,390
10938,1428,391
10939,1428,392
10940,1428,393
10941,1428,394
10942,1428,395
10943,1428,396
10944,1428,397
10945,1428,398
10946,1428,399
10947,1428,400
10948,1428,401
10949,1428,402
10950,1428,403
10951,1428,404
10952,1428,405
10953,1428,406
10954,1428,407
10955,1428,408
10956,1428,409
10957,1428,410
10958,1428,411
10959,1428,412
10960,1428,413
10961,1428,414
10962,1428,415
10963,1428,416
10964,1428,417
10965,1428,418
10966,1428,419
10967,1428,420
10968,1428,421
10969,1428,422
10970,1428,423
10971,1428,424
10972,1428,425
10973,1428,426
10974,1428,427
10975,1428,428
10976,1428,429
10977,1428,430
10978,1428,431
10979,1428,432
10980,1428,433
10981,1428,434
10982,1428,435
10983,1428,436
10984,1428,437
10985,1428,438
10986,1428,439
10987,1428,440
10988,1428,441
10989,1428,442
10990,1428,443
10991,1428,444
10992,1428,445
10993,1428,446
10994,1428,447
10995,1428,448
10996,1428,449
10997,1428,450
10998,1428,451
10999,1428,452
20690,11142,93
20691,11142,94
11046,47,456
11047,47,457
11048,47,458
11049,47,299
11050,47,300
11051,47,462
11052,47,463
11053,47,464
11054,47,298
11055,6124,251
20692,11142,95
20693,11142,96
20694,11142,97
20695,11142,98
20696,11142,99
20697,11142,100
20698,11142,101
20699,11142,102
20700,11142,103
20701,11142,104
20702,11142,105
20703,11142,106
20704,11142,107
20705,11142,108
20706,11142,109
20707,11142,110
20708,11142,111
20709,11142,115
20710,11142,116
20711,11142,117
20712,11142,118
20713,11142,119
20714,11142,120
20715,11142,124
20716,11142,125
20717,11142,126
20718,11142,127
20719,11142,128
20720,11142,129
20721,11142,130
20722,11142,131
20723,11142,132
20724,11142,133
20725,11142,134
20726,11142,135
20727,11142,136
20728,11142,137
20729,11142,138
20730,11142,139
20731,11142,140
20732,11142,141
15375,9249,452
15376,9249,462
15377,9249,463
15378,9249,464
15379,9249,486
15380,9249,487
15381,9249,488
15382,10763,160
15383,10763,353
15384,10763,354
15385,10763,355
20733,11142,148
20734,11142,149
20735,11142,150
20736,11142,151
20737,11142,152
20738,11142,153
20739,11142,154
24357,3784,20
24358,3784,21
24359,3784,22
24360,3784,23
24361,3784,24
24362,3784,25
24363,3784,26
24364,3784,27
24365,3784,28
24366,3784,29
24367,3784,30
24368,3784,31
24369,3784,32
24370,3784,33
24371,3784,34
24372,3784,35
24373,3784,36
24374,3784,37
24375,3784,38
24376,3784,39
24377,3784,40
24378,3784,41
24379,3784,42
24380,3784,43
24381,3784,44
24382,3784,45
24383,3784,46
24384,3784,47
24385,3784,48
24386,3784,49
24387,3784,50
24388,3784,51
24389,3784,52
24390,3784,53
24391,3784,54
24392,3784,55
24393,3784,56
24394,3784,57
24395,3784,58
24396,3784,59
24397,3784,60
24398,3784,61
24399,3784,62
24400,3784,63
24401,3784,64
24402,3784,65
24403,3784,66
20740,11142,155
20741,11142,156
20742,11142,157
20743,11142,158
20744,11142,159
20745,11142,160
20746,11142,161
20747,11142,162
20748,11142,163
20749,11142,164
20750,11142,165
20751,11142,166
20752,11142,167
20753,11142,168
20754,11142,169
20755,11142,170
20756,11142,171
20757,11142,172
20758,11142,173
20759,11142,174
20760,11142,175
20761,11142,176
20762,11142,177
20763,11142,178
20764,11142,179
20765,11142,180
20766,11142,181
20767,11142,182
20768,11142,183
20769,11142,184
20770,11142,185
20771,11142,186
20772,11142,187
20773,11142,188
20774,11142,189
20775,11142,190
20776,11142,191
20777,11142,192
20778,11142,193
20779,11142,194
20780,11142,195
20781,11142,196
20782,11142,197
20783,11142,198
20784,11142,199
20785,11142,200
20786,11142,201
20787,11142,205
20788,11142,206
20789,11142,207
20790,11142,208
20791,11142,209
20792,11142,210
20793,11142,211
20794,11142,212
20795,11142,213
20796,11142,214
20797,11142,215
20798,11142,216
20799,11142,217
20800,11142,218
20801,11142,219
20802,11142,220
20803,11142,221
20804,11142,222
20805,11142,223
20806,11142,224
20807,11142,225
20808,11142,226
20809,11142,227
20810,11142,228
20811,11142,229
20812,11142,230
20813,11142,231
20814,11142,232
20815,11142,233
20816,11142,234
20817,11142,235
20818,11142,236
20819,11142,237
20820,11142,238
20821,11142,239
20822,11142,240
20823,11142,241
20824,11142,242
20825,11142,243
20826,11142,244
20827,11142,245
20828,11142,246
20829,11142,247
20830,11142,248
20831,11142,249
20832,11142,250
20833,11142,251
20834,11142,252
20835,11142,256
20836,11142,257
20837,11142,258
20838,11142,259
20839,11142,260
20840,11142,261
20841,11142,262
20842,11142,263
20843,11142,264
20844,11142,265
20845,11142,266
20846,11142,267
20847,11142,268
20848,11142,269
20849,11142,270
20850,11142,271
20851,11142,272
20852,11142,273
20853,11142,274
20854,11142,275
20855,11142,276
20856,11142,277
20857,11142,278
20858,11142,279
20859,11142,286
20860,11142,287
20861,11142,288
20862,11142,289
20863,11142,290
20864,11142,291
20865,11142,292
20866,11142,293
20867,11142,294
20868,11142,295
20869,11142,296
20870,11142,297
20871,11142,298
20872,11142,299
20873,11142,300
20874,11142,301
20875,11142,302
20876,11142,303
20877,11142,304
20878,11142,305
20879,11142,306
20880,11142,307
20881,11142,308
20882,11142,309
20883,11142,310
20884,11142,311
20885,11142,312
20886,11142,313
20887,11142,314
20888,11142,315
20889,11142,316
20890,11142,317
20891,11142,318
20892,11142,319
20893,11142,320
20894,11142,321
20895,11142,322
20896,11142,323
20897,11142,324
20898,11142,325
20899,11142,326
20900,11142,327
20901,11142,328
20902,11142,329
20903,11142,330
20904,11142,331
20905,11142,332
20906,11142,333
20907,11142,334
20908,11142,335
20909,11142,336
20910,11142,337
20911,11142,338
20912,11142,339
20913,11142,340
20914,11142,341
20915,11142,342
20916,11142,343
20917,11142,344
20918,11142,345
20919,11142,346
20920,11142,350
20921,11142,351
20922,11142,352
20923,11142,353
20924,11142,354
20925,11142,355
20926,11142,356
20927,11142,357
20928,11142,358
20929,11142,359
20930,11142,360
20931,11142,361
20932,11142,362
20933,11142,363
20934,11142,364
20935,11142,365
20936,11142,366
20937,11142,367
20938,11142,368
20939,11142,369
20940,11142,370
20941,11142,371
20942,11142,372
20943,11142,373
20944,11142,374
20945,11142,375
20946,11142,376
20947,11142,377
20948,11142,378
20949,11142,379
20950,11142,380
20951,11142,381
20952,11142,382
20953,11142,383
20954,11142,384
20955,11142,385
20956,11142,386
20957,11142,387
20958,11142,388
20959,11142,389
20960,11142,390
20961,11142,391
20962,11142,392
20963,11142,393
20964,11142,394
20965,11142,395
20966,11142,396
20967,11142,397
20968,11142,398
20969,11142,399
20970,11142,400
20971,11142,401
20972,11142,402
20973,11142,403
20974,11142,404
20975,11142,405
20976,11142,406
20977,11142,407
20978,11142,408
20979,11142,409
20980,11142,410
20981,11142,411
20982,11142,412
20983,11142,413
20984,11142,414
20985,11142,415
20986,11142,416
20987,11142,417
20988,11142,418
20989,11142,419
20990,11142,420
20991,11142,421
20992,11142,422
20993,11142,423
20994,11142,424
20995,11142,425
20996,11142,426
20997,11142,427
20998,11142,428
20999,11142,429
21000,11142,430
21001,11142,431
21002,11142,432
21003,11142,433
21004,11142,434
21005,11142,435
21006,11142,436
21007,11142,437
21008,11142,438
21009,11142,439
21010,11142,440
21011,11142,441
21012,11142,442
21013,11142,443
21014,11142,444
21015,11142,445
21016,11142,446
21017,11142,447
21018,11142,448
21019,11142,449
21020,11142,450
21021,11142,451
21022,11142,452
21023,11142,453
21024,11142,454
21025,11142,455
21026,11142,456
21027,11142,457
21028,11142,458
21029,11142,459
21030,11142,460
21031,11142,461
21032,11142,462
21033,11142,463
21034,11142,464
21035,11142,465
21036,11142,466
21037,11142,467
21038,11142,468
21039,11142,469
21040,11142,470
21041,11142,471
21042,11142,472
21043,11142,473
21044,11142,474
21045,11142,475
21046,11142,476
21047,11142,477
21048,11142,478
21049,11142,479
21050,11142,480
21051,11142,481
21052,11142,482
21053,11142,483
21054,11142,484
21055,11142,485
21056,11142,486
21057,11142,487
21058,11142,488
21059,11142,489
21060,11142,490
21061,11142,491
21062,11142,492
21063,11142,493
21064,11142,494
21065,11142,495
21066,11142,496
21067,11142,497
21068,11142,498
21069,11142,499
21070,11142,500
21071,11142,501
21072,11142,502
21073,11142,503
21074,11142,504
21075,11142,505
21076,11142,506
21077,11142,507
21078,11142,508
21079,11142,509
21080,11142,510
21081,11142,511
21082,11142,512
21083,11142,513
21084,11142,514
21085,11142,515
21086,11142,516
21087,11142,517
21088,11142,518
21089,11142,519
21090,11142,520
21091,11142,521
21092,11142,522
21093,11142,523
21094,11142,524
21095,11142,525
21096,11142,526
21097,11142,527
21098,11142,528
21099,11142,529
21100,11142,530
21101,11142,531
21102,11142,532
21103,11142,533
21104,11142,534
21105,11142,535
21106,11142,536
21107,11142,537
21108,11142,538
21109,11142,539
21110,11142,540
21111,11142,541
21112,11142,542
21113,11142,543
21114,11142,544
21115,11142,545
21116,11142,552
21117,11142,553
21118,11142,554
21119,11142,555
21120,11142,556
21121,11142,557
21122,11142,558
21123,11142,559
21124,11142,560
21125,11142,561
21126,11142,562
21127,11142,563
21128,11142,564
21129,11142,565
21130,11142,566
21131,11142,567
21132,11142,568
21133,11142,569
15386,10763,356
15387,10763,357
15388,10763,358
15389,10763,161
15390,10763,306
15391,10763,162
15392,10763,304
15393,10763,305
15394,10763,449
15395,10763,307
15396,10763,308
15397,10763,309
15398,10763,448
15399,10763,164
15400,10763,163
15401,10763,165
15402,10763,447
15431,11011,416
15432,11011,453
15433,11011,454
15434,11011,455
15435,11011,404
15436,11011,405
15437,11011,406
15438,11011,407
15439,11011,408
15440,11011,409
15441,11011,410
15442,11011,411
15443,11011,412
15444,11011,413
15445,11011,414
15446,11011,415
15468,3393,457
15469,2747,297
15470,2747,298
15471,2747,299
15472,2747,300
15473,2747,462
15474,2747,463
15475,2747,464
15478,7470,414
15479,7470,415
15486,4468,5
18154,3855,289
18155,3855,290
18156,3855,291
18157,3855,292
18158,3855,293
18159,3855,294
18160,3855,295
18161,3855,296
18162,3855,297
18163,3855,298
18164,3855,301
18165,3855,302
15031,3600,106
15032,3600,107
15033,3600,108
15034,3600,501
15035,3600,502
15036,3600,503
15037,3600,248
15038,3600,249
15039,3600,58
15040,3600,59
15041,3600,247
15042,2637,49
15043,2637,50
15044,2637,51
15045,2637,52
15046,2637,53
15047,2637,54
15048,2637,55
15049,2637,56
15050,2637,57
15051,2637,58
15052,2637,59
15053,2637,60
15054,2637,61
15055,2637,62
15056,2637,63
15057,2637,64
15058,2637,65
15059,2637,66
15060,2637,67
15061,2637,68
15062,2637,69
15063,2637,70
15064,2637,71
15065,2637,72
15066,2637,73
15067,2637,74
15068,2637,75
15069,2637,76
15070,2637,77
15071,2637,78
15072,2637,79
15073,2637,80
18166,3855,303
18167,3855,304
18168,3855,305
18169,3855,306
18170,3855,307
18171,3855,308
18172,3855,158
18173,3855,309
18174,3855,448
18175,3855,160
18176,3855,161
18177,3855,162
18178,3855,462
18179,3855,463
18180,3855,163
18181,3855,164
18182,3855,165
18183,3855,353
18184,3855,354
18185,3855,355
18186,3855,356
18187,3855,357
18188,3855,358
18189,3855,487
18190,3855,488
18191,3855,251
15074,2637,81
15075,2637,82
15076,2637,83
15077,2637,84
15078,2637,85
15079,2637,86
15080,2637,87
15081,2637,88
15082,2637,89
15083,2637,90
15084,2637,91
15085,2637,92
15086,2637,93
15087,2637,94
15088,2637,95
15089,2637,96
15090,2637,97
15091,2637,98
15092,2637,99
15093,2637,100
15094,2637,101
15095,2637,102
15096,2637,103
15097,2637,104
15098,2637,105
15099,2637,106
15100,2637,107
15101,2637,108
15102,2637,109
15103,2637,110
15104,2637,111
15105,2637,115
15106,2637,116
15107,2637,117
15108,2637,118
15109,2637,119
15110,2637,120
15111,2637,124
15112,2637,125
15113,2637,126
15114,2637,127
15115,2637,128
15116,2637,129
15117,2637,130
15118,2637,131
15119,2637,132
15120,2637,133
15121,2637,134
15122,2637,135
15123,2637,136
15124,2637,137
15125,2637,138
15126,2637,139
15127,2637,140
15128,2637,141
15129,2637,208
15130,2637,209
15131,2637,210
15132,2637,211
15133,2637,212
15134,2637,213
15135,2637,214
15136,2637,215
15137,2637,216
15138,2637,217
15139,2637,218
15140,2637,219
15141,2637,220
15142,2637,221
15143,2637,222
15144,2637,223
15145,2637,224
15146,2637,225
15147,2637,226
15148,2637,227
15149,2637,228
15150,2637,229
15151,2637,230
15152,2637,231
15153,2637,232
15154,2637,233
15155,2637,234
15156,2637,235
15157,2637,236
15158,2637,237
15159,2637,238
15160,2637,239
15161,2637,240
15162,2637,241
15163,2637,242
15164,2637,243
15165,2637,244
15166,2637,245
15167,2637,246
15168,2637,247
15169,2637,248
15170,2637,249
15171,2637,250
15172,2637,251
15173,2637,252
15174,2637,256
15175,2637,257
15176,2637,258
15177,2637,259
15178,2637,260
15179,2637,261
15180,2637,262
15181,2637,263
15182,2637,264
15183,2637,265
15184,2637,266
15185,2637,267
15186,2637,268
15187,2637,269
15188,2637,270
15189,2637,271
15190,2637,272
15191,2637,273
15192,2637,274
15193,2637,275
15194,2637,276
15195,2637,277
15196,2637,278
15197,2637,279
15198,2637,350
15199,2637,351
15200,2637,352
15201,2637,371
15202,2637,372
15203,2637,373
15204,2637,398
15205,2637,399
15206,2637,400
15207,2637,401
15208,2637,402
15209,2637,403
15210,2637,404
15211,2637,405
15212,2637,406
15213,2637,407
15214,2637,408
15215,2637,409
15216,2637,410
15217,2637,411
15218,2637,412
15219,2637,413
15220,2637,414
15221,2637,415
15222,2637,416
15223,2637,420
15224,2637,421
15225,2637,422
15226,2637,453
15227,2637,454
15228,2637,455
15229,2637,498
15230,2637,499
15231,2637,500
15232,2637,501
15233,2637,502
15234,2637,503
15235,2637,504
15236,2637,505
15237,2637,506
15238,9198,160
15239,9198,161
15240,9198,162
15241,9198,163
15242,9198,356
15243,9198,357
15244,9198,358
15245,9198,7
15246,9198,8
15247,9198,9
15248,9198,306
15249,9198,304
15250,9198,305
15251,9198,449
15252,9198,307
15253,9198,308
15254,9198,309
15255,9198,164
15256,9198,448
15257,9198,165
15258,9198,447
24404,3784,67
24405,3784,68
24406,3784,69
24407,3784,70
24408,3784,71
24409,3784,72
24410,3784,73
24411,3784,74
24412,3784,75
24413,3784,76
24414,3784,77
24415,3784,78
24416,3784,79
24417,3784,80
24418,3784,81
24419,3784,82
24420,3784,83
24421,3784,84
24422,3784,85
24423,3784,86
24424,3784,87
24425,3784,88
24426,3784,89
24427,3784,90
24428,3784,91
24429,3784,92
24430,3784,93
24431,3784,94
24432,3784,95
24433,3784,96
24434,3784,97
24435,3784,98
24436,3784,99
24437,3784,100
24438,3784,101
24439,3784,102
24440,3784,103
24441,3784,104
24442,3784,105
24443,3784,106
24444,3784,107
24445,3784,108
24446,3784,109
24447,3784,110
24448,3784,111
24449,3784,115
24450,3784,116
24451,3784,117
24452,3784,118
24453,3784,119
24454,3784,120
24455,3784,124
24456,3784,125
24457,3784,126
24458,3784,127
24459,3784,128
24460,3784,129
24461,3784,130
24462,3784,131
24463,3784,132
24464,3784,133
24465,3784,134
24466,3784,135
24467,3784,136
24468,3784,137
24469,3784,138
24470,3784,139
24471,3784,140
24472,3784,141
24473,3784,148
24474,3784,149
24475,3784,150
24476,3784,151
24477,3784,152
24478,3784,153
24479,3784,154
24480,3784,155
24481,3784,156
24482,3784,157
24483,3784,158
24484,3784,159
24485,3784,160
24486,3784,161
24487,3784,162
24488,3784,163
24489,3784,164
24490,3784,165
24491,3784,166
24492,3784,167
24493,3784,168
24494,3784,169
24495,3784,170
24496,3784,171
24497,3784,172
24498,3784,173
24499,3784,174
24500,3784,175
24501,3784,176
24502,3784,177
24503,3784,178
24504,3784,179
24505,3784,180
24506,3784,181
24507,3784,182
24508,3784,183
24509,3784,184
24510,3784,185
24511,3784,186
24512,3784,187
24513,3784,188
24514,3784,189
24515,3784,190
24516,3784,191
24517,3784,192
24518,3784,193
24519,3784,194
24520,3784,195
24521,3784,196
24522,3784,197
24523,3784,198
24524,3784,199
24525,3784,200
24526,3784,201
24527,3784,205
24528,3784,206
24529,3784,207
24530,3784,208
24531,3784,209
24532,3784,210
24533,3784,211
24534,3784,212
24535,3784,213
24536,3784,214
24537,3784,215
24538,3784,216
24539,3784,217
24540,3784,218
24541,3784,219
24542,3784,220
24543,3784,221
24544,3784,222
24545,3784,223
24546,3784,224
24547,3784,225
24548,3784,226
24549,3784,227
24550,3784,228
24551,3784,229
24552,3784,230
24553,3784,231
24554,3784,232
24555,3784,233
24556,3784,234
24557,3784,235
24558,3784,236
24559,3784,237
24560,3784,238
24561,3784,239
24562,3784,240
24563,3784,241
24564,3784,242
24565,3784,243
24566,3784,244
24567,3784,245
24568,3784,246
24569,3784,247
24570,3784,248
24571,3784,249
24572,3784,250
24573,3784,251
24574,3784,252
24575,3784,256
24576,3784,257
24577,3784,258
24578,3784,259
24579,3784,260
24580,3784,261
24581,3784,262
24582,3784,263
24583,3784,264
24584,3784,265
24585,3784,266
24586,3784,267
24587,3784,268
24588,3784,269
24589,3784,270
24590,3784,271
24591,3784,272
24592,3784,273
24593,3784,274
24594,3784,275
24595,3784,276
24596,3784,277
24597,3784,278
24598,3784,279
24599,3784,286
24600,3784,287
24601,3784,288
24602,3784,289
24603,3784,290
24604,3784,291
24605,3784,292
24606,3784,293
24607,3784,294
24608,3784,295
24609,3784,296
24610,3784,297
24611,3784,298
24612,3784,299
24613,3784,300
24614,3784,301
24615,3784,302
24616,3784,303
24617,3784,304
24618,3784,305
24619,3784,306
24620,3784,307
24621,3784,308
24622,3784,309
24623,3784,310
24624,3784,311
24625,3784,312
24626,3784,313
24627,3784,314
24628,3784,315
24629,3784,316
24630,3784,317
24631,3784,318
24632,3784,319
24633,3784,320
24634,3784,321
24635,3784,322
24636,3784,323
24637,3784,324
24638,3784,325
24639,3784,326
24640,3784,327
24641,3784,328
24642,3784,329
24643,3784,330
24644,3784,331
24645,3784,332
24646,3784,333
24647,3784,334
24648,3784,335
24649,3784,336
24650,3784,337
24651,3784,338
24652,3784,339
24653,3784,340
24654,3784,341
24655,3784,342
24656,3784,343
24657,3784,344
24658,3784,345
24659,3784,346
24660,3784,350
24661,3784,351
24662,3784,352
24663,3784,353
24664,3784,354
24665,3784,355
24666,3784,356
24667,3784,357
24668,3784,358
24669,3784,359
24670,3784,360
24671,3784,361
24672,3784,362
24673,3784,363
24674,3784,364
24675,3784,365
24676,3784,366
24677,3784,367
24678,3784,368
24679,3784,369
24680,3784,370
24681,3784,371
24682,3784,372
24683,3784,373
24684,3784,374
24685,3784,375
24686,3784,376
24687,3784,377
24688,3784,378
24689,3784,379
24690,3784,380
24691,3784,381
24692,3784,382
24693,3784,383
24694,3784,384
24695,3784,385
24696,3784,386
24697,3784,387
24698,3784,388
24699,3784,389
24700,3784,390
24701,3784,391
24702,3784,392
24703,3784,393
24704,3784,394
24705,3784,395
24706,3784,396
24707,3784,397
24708,3784,398
24709,3784,399
24710,3784,400
24711,3784,401
24712,3784,402
24713,3784,403
24714,3784,404
24715,3784,405
24716,3784,406
24717,3784,407
24718,3784,408
24719,3784,409
24720,3784,410
24721,3784,411
24722,3784,412
24723,3784,413
24724,3784,414
24725,3784,415
24726,3784,416
24727,3784,417
24728,3784,418
24729,3784,419
24730,3784,420
24731,3784,421
24732,3784,422
24733,3784,423
24734,3784,424
24735,3784,425
24736,3784,426
24737,3784,427
24738,3784,428
24739,3784,429
24740,3784,430
24741,3784,431
24742,3784,432
24743,3784,433
24744,3784,434
24745,3784,435
24746,3784,436
24747,3784,437
24748,3784,438
24749,3784,439
24750,3784,440
24751,3784,441
24752,3784,442
24753,3784,443
24754,3784,444
24755,3784,445
24756,3784,446
24757,3784,447
24758,3784,448
24759,3784,449
24760,3784,450
24761,3784,451
24762,3784,452
24763,3784,453
24764,3784,454
24765,3784,455
24766,3784,456
24767,3784,457
24768,3784,458
24769,3784,459
24770,3784,460
24771,3784,461
24772,3784,462
24773,3784,463
24774,3784,464
24775,3784,465
24776,3784,466
24777,3784,467
24778,3784,468
24779,3784,469
24780,3784,470
24781,3784,471
24782,3784,472
24783,3784,473
24784,3784,474
24785,3784,475
24786,3784,476
24787,3784,477
24788,3784,478
24789,3784,479
24790,3784,480
24791,3784,481
24792,3784,482
24793,3784,483
24794,3784,484
24795,3784,485
24796,3784,486
24797,3784,487
24798,3784,488
24799,3784,489
24800,3784,490
24801,3784,491
24802,3784,492
24803,3784,493
24804,3784,494
24805,3784,495
24806,3784,496
24807,3784,497
24808,3784,498
24809,3784,499
24810,3784,500
24811,3784,501
24812,3784,502
24813,3784,503
24814,3784,504
24815,3784,505
24816,3784,506
24817,3784,507
24818,3784,508
24819,3784,509
24820,3784,510
24821,3784,511
24822,3784,512
24823,3784,513
24824,3784,514
24825,3784,515
24826,3784,516
24827,3784,517
24828,3784,518
24829,3784,519
24830,3784,520
24831,3784,521
24832,3784,522
24833,3784,523
24834,3784,524
24835,3784,525
24836,3784,526
24837,3784,527
24838,3784,528
24839,3784,529
24840,3784,530
24841,3784,531
24842,3784,532
24843,3784,533
24844,3784,534
24845,3784,535
24846,3784,536
24847,3784,537
24848,3784,538
24849,3784,539
24850,3784,540
24851,3784,541
24852,3784,542
24853,3784,552
24854,3784,553
24855,3784,554
24856,3784,555
24857,3784,556
24858,3784,557
24859,3784,558
24860,3784,559
24861,3784,560
24862,3784,561
24863,3784,562
24864,3784,563
24865,3784,564
24866,3784,565
24867,3784,566
24868,3784,567
24869,3784,568
24870,3784,569
19986,12242,512
19987,12242,513
19988,12242,514
19989,12242,515
19990,12242,148
19991,12242,149
19992,12242,150
19993,12242,151
19994,12242,152
19995,12242,153
19996,12242,154
19997,12242,155
19998,12242,156
19999,12242,157
20000,12242,158
20001,12242,159
20002,12242,160
20003,12242,161
20004,12242,162
20005,12242,163
20006,12242,164
20007,12242,165
20008,12242,187
20009,12242,188
20010,12242,189
20011,12242,190
20012,12242,191
20013,12242,192
20014,12242,193
20015,12242,194
20016,12242,195
20017,12242,196
20018,12242,197
20019,12242,198
20020,12242,199
20021,12242,200
20022,12242,201
20023,12242,205
20024,12242,206
20025,12242,207
20026,12242,286
20027,12242,287
20028,12242,288
20029,12242,289
20030,12242,290
20031,12242,291
20032,12242,292
20033,12242,293
20034,12242,294
20035,12242,295
20036,12242,296
20037,12242,297
20038,12242,298
20039,12242,299
20040,12242,300
20041,12242,301
20042,12242,302
20043,12242,303
20044,12242,304
20045,12242,305
20046,12242,306
20047,12242,307
20048,12242,308
20049,12242,309
20050,12242,334
20051,12242,335
20052,12242,336
20053,12242,353
20054,12242,354
20055,12242,355
20056,12242,356
20057,12242,357
20058,12242,358
20059,12242,423
20060,12242,424
20061,12242,425
20062,12242,426
20063,12242,427
20064,12242,428
20065,12242,429
20066,12242,430
20067,12242,431
20068,12242,432
20069,12242,433
20070,12242,434
20071,12242,447
20072,12242,448
20073,12242,449
20074,12242,450
20075,12242,451
20076,12242,452
20077,12242,462
20078,12242,463
20079,12242,464
20080,12242,486
20081,12242,487
20082,12242,488
20083,12242,510
20084,12242,511
24880,15907,416
24881,15907,414
24882,15907,415
24995,14155,513
24996,14155,514
24997,14155,427
24998,14155,598
24999,14155,528
25000,14155,529
25001,14155,531
25002,14155,532
25003,14155,601
25004,14155,103
25005,14155,543
25006,14155,544
25007,14155,546
25008,14155,547
25009,14155,549
25010,14155,550
25011,14155,433
25012,14155,604
25013,14155,49
25014,14155,50
25015,14155,52
25016,14155,53
25017,14155,498
25018,14155,55
25019,14155,56
25020,14155,58
25021,14155,59
25022,14155,61
25023,14155,62
25024,14155,64
25025,14155,65
25026,14155,67
25027,14155,68
25028,14155,70
25029,14155,583
25030,14155,73
25031,14155,74
25032,14155,76
25033,14155,77
25034,14155,79
25035,14155,80
25036,14155,82
25037,14155,83
25038,14155,597
25039,14155,86
25040,14155,88
25041,14155,89
25042,14155,91
25043,14155,92
25044,14155,94
25045,14155,95
25046,14155,97
25047,14155,98
25048,14155,100
25049,14155,101
25050,14155,615
25051,14155,600
25052,14155,106
25053,14155,107
25054,14155,621
25055,14155,110
25056,14155,624
25057,14155,104
25058,14155,115
25059,14155,116
25060,14155,118
25061,14155,119
25062,14155,633
25063,14155,634
25064,14155,124
25065,14155,125
25066,14155,127
25067,14155,128
25068,14155,130
25069,14155,131
25070,14155,133
25071,14155,134
25072,14155,136
25073,14155,137
25074,14155,139
25075,14155,140
25076,14155,109
25077,14155,148
25078,14155,149
25079,14155,151
25080,14155,152
25081,14155,154
25082,14155,155
25083,14155,157
25084,14155,158
25085,14155,160
25086,14155,161
25087,14155,163
25088,14155,164
25089,14155,166
25090,14155,625
25091,14155,169
25092,14155,170
25093,14155,172
25094,14155,173
25095,14155,175
25096,14155,176
25097,14155,178
25098,14155,179
25099,14155,181
25100,14155,182
25101,14155,184
25102,14155,185
25103,14155,187
25104,14155,188
25105,14155,190
25106,14155,191
25107,14155,193
25108,14155,194
25109,14155,196
25110,14155,197
25111,14155,199
25112,14155,200
25113,14155,631
25114,14155,205
25115,14155,206
25116,14155,208
25117,14155,209
25118,14155,211
25119,14155,212
25120,14155,214
25121,14155,215
25122,14155,217
25123,14155,218
25124,14155,463
25125,14155,220
25126,14155,221
25127,14155,223
25128,14155,224
25129,14155,226
25130,14155,227
25131,14155,229
25132,14155,230
25133,14155,232
25134,14155,233
25135,14155,235
25136,14155,236
25137,14155,238
25138,14155,239
25139,14155,241
25140,14155,242
25141,14155,244
25142,14155,245
25143,14155,247
25144,14155,248
25145,14155,250
25146,14155,639
25147,14155,622
25148,14155,256
25149,14155,257
25150,14155,259
25151,14155,260
25152,14155,262
25153,14155,263
25154,14155,265
25155,14155,266
25156,14155,268
25157,14155,269
25158,14155,271
25159,14155,272
25160,14155,274
25161,14155,275
25162,14155,277
25163,14155,278
25164,14155,640
25165,14155,606
25166,14155,286
25167,14155,287
25168,14155,289
25169,14155,290
25170,14155,292
25171,14155,293
25172,14155,636
25173,14155,295
25174,14155,296
25175,14155,298
25176,14155,299
25177,14155,301
25178,14155,302
25179,14155,304
25180,14155,305
25181,14155,307
25182,14155,308
25183,14155,310
25184,14155,311
25185,14155,313
25186,14155,314
25187,14155,316
25188,14155,317
25189,14155,319
25190,14155,320
25191,14155,322
25192,14155,323
25193,14155,325
25194,14155,326
25195,14155,328
25196,14155,329
25197,14155,331
25198,14155,332
25199,14155,334
25200,14155,335
25201,14155,618
25202,14155,570
25203,14155,350
25204,14155,351
25205,14155,353
25206,14155,354
25207,14155,571
25208,14155,356
25209,14155,357
25210,14155,616
25211,14155,573
25212,14155,607
25213,14155,371
25214,14155,372
25215,14155,574
25216,14155,609
25217,14155,576
25218,14155,577
25219,14155,398
25220,14155,399
25221,14155,401
25222,14155,402
25223,14155,627
25224,14155,610
25225,14155,580
25226,14155,630
25227,14155,420
25228,14155,582
25229,14155,423
25230,14155,424
25231,14155,426
25232,14155,71
25233,14155,429
25234,14155,430
25235,14155,432
25236,14155,628
25237,14155,499
25238,14155,585
25239,14155,637
25240,14155,586
25241,14155,447
25242,14155,448
25243,14155,450
25244,14155,451
25245,14155,588
25246,14155,603
25247,14155,462
25248,14155,589
25249,14155,612
25250,14155,591
25251,14155,421
25252,14155,592
25253,14155,251
25254,14155,486
25255,14155,487
25256,14155,167
25257,14155,594
25258,14155,613
25259,14155,619
25260,14155,579
25261,14155,595
25262,14155,501
25263,14155,502
25264,14155,504
25265,14155,505
22323,12172,13
22324,12172,14
22325,12172,15
22326,12172,16
22327,12172,17
22328,12172,18
22329,12172,19
22330,12172,20
22331,12172,21
22332,12172,22
22333,12172,23
22334,12172,24
22335,12172,25
22336,12172,26
22337,12172,27
22338,12172,28
22339,12172,29
22340,12172,30
22341,12172,31
22342,12172,32
22343,12172,33
22344,12172,34
22345,12172,35
22346,12172,36
22347,12172,37
22348,12172,38
22349,12172,39
22350,12172,40
22351,12172,41
22352,12172,42
22353,12172,43
22354,12172,44
22355,12172,45
22356,12172,46
22357,12172,47
22358,12172,48
22359,12172,49
22360,12172,50
22361,12172,51
22362,12172,52
22363,12172,53
22364,12172,54
22365,12172,55
22366,12172,56
22367,12172,57
22368,12172,58
22369,12172,59
22370,12172,60
22371,12172,61
22372,12172,62
22373,12172,63
22374,12172,64
22375,12172,65
22376,12172,66
22377,12172,67
22378,12172,68
22379,12172,69
22380,12172,70
22381,12172,71
22382,12172,72
22383,12172,73
22384,12172,74
22385,12172,75
22386,12172,76
22387,12172,77
22388,12172,78
22389,12172,79
22390,12172,80
22391,12172,81
22392,12172,82
22393,12172,83
22394,12172,84
22395,12172,85
22396,12172,86
22397,12172,87
22398,12172,88
22399,12172,89
22400,12172,90
22401,12172,91
22402,12172,92
22403,12172,93
22404,12172,94
22405,12172,95
22406,12172,96
22407,12172,97
22408,12172,98
22409,12172,99
22410,12172,100
22411,12172,101
22412,12172,102
22413,12172,103
22414,12172,104
22415,12172,105
22416,12172,106
22417,12172,107
22418,12172,108
22419,12172,109
22420,12172,110
22421,12172,111
22422,12172,115
22423,12172,116
22424,12172,117
22425,12172,118
22426,12172,119
22427,12172,120
22428,12172,124
22429,12172,125
22430,12172,126
22431,12172,127
22432,12172,128
22433,12172,129
22434,12172,130
22435,12172,131
22436,12172,132
22437,12172,133
22438,12172,134
22439,12172,135
22440,12172,136
22441,12172,137
22442,12172,138
22443,12172,139
22444,12172,140
22445,12172,141
22446,12172,148
22447,12172,149
22448,12172,150
22449,12172,151
22450,12172,152
22451,12172,153
22452,12172,154
22453,12172,155
22454,12172,156
22455,12172,157
22456,12172,158
22457,12172,159
22458,12172,160
22459,12172,161
22460,12172,162
22461,12172,163
22462,12172,164
22463,12172,165
22464,12172,166
22465,12172,167
22466,12172,168
22467,12172,169
22468,12172,170
22469,12172,171
22470,12172,172
22471,12172,173
22472,12172,174
22473,12172,175
22474,12172,176
22475,12172,177
22476,12172,178
22477,12172,179
22478,12172,180
22479,12172,181
22480,12172,182
22481,12172,183
22482,12172,184
22483,12172,185
22484,12172,186
22485,12172,187
22486,12172,188
22487,12172,189
22488,12172,190
22489,12172,191
22490,12172,192
22491,12172,193
22492,12172,194
22493,12172,195
22494,12172,196
22495,12172,197
22496,12172,198
22497,12172,199
22498,12172,200
22499,12172,201
22500,12172,205
22501,12172,206
22502,12172,207
22503,12172,208
22504,12172,209
22505,12172,210
22506,12172,211
22507,12172,212
22508,12172,213
22509,12172,214
22510,12172,215
22511,12172,216
22512,12172,217
22513,12172,218
22514,12172,219
22515,12172,220
22516,12172,221
22517,12172,222
22518,12172,223
22519,12172,224
22520,12172,225
22521,12172,226
22522,12172,227
22523,12172,228
22524,12172,229
22525,12172,230
22526,12172,231
22527,12172,232
22528,12172,233
22529,12172,234
22530,12172,235
22531,12172,236
22532,12172,237
22533,12172,238
22534,12172,239
22535,12172,240
22536,12172,241
22537,12172,242
22538,12172,243
22539,12172,244
22540,12172,245
22541,12172,246
22542,12172,247
22543,12172,248
22544,12172,249
22545,12172,250
22546,12172,251
22547,12172,252
22548,12172,256
22549,12172,257
22550,12172,258
22551,12172,259
22552,12172,260
22553,12172,261
22554,12172,262
22555,12172,263
22556,12172,264
22557,12172,265
22558,12172,266
22559,12172,267
22560,12172,268
22561,12172,269
22562,12172,270
22563,12172,271
22564,12172,272
22565,12172,273
22566,12172,274
22567,12172,275
22568,12172,276
22569,12172,277
22570,12172,278
22571,12172,279
22572,12172,286
22573,12172,287
22574,12172,288
22575,12172,289
22576,12172,290
22577,12172,291
22578,12172,292
22579,12172,293
22580,12172,294
22581,12172,295
22582,12172,296
22583,12172,297
22584,12172,298
22585,12172,299
22586,12172,300
22587,12172,301
22588,12172,302
22589,12172,303
22590,12172,304
22591,12172,305
22592,12172,306
22593,12172,307
22594,12172,308
22595,12172,309
22596,12172,310
22597,12172,311
22598,12172,312
22599,12172,313
22600,12172,314
22601,12172,315
22602,12172,316
22603,12172,317
22604,12172,318
22605,12172,319
22606,12172,320
22607,12172,321
22608,12172,322
22609,12172,323
22610,12172,324
22611,12172,325
22612,12172,326
22613,12172,327
22614,12172,328
22615,12172,329
22616,12172,330
22617,12172,331
22618,12172,332
22619,12172,333
22620,12172,334
22621,12172,335
22622,12172,336
22623,12172,337
22624,12172,338
22625,12172,339
22626,12172,340
22627,12172,341
22628,12172,342
22629,12172,343
22630,12172,350
22631,12172,351
22632,12172,352
22633,12172,353
22634,12172,354
22635,12172,355
22636,12172,356
22637,12172,357
22638,12172,358
22639,12172,359
22640,12172,360
22641,12172,361
22642,12172,362
22643,12172,363
22644,12172,364
22645,12172,365
22646,12172,366
22647,12172,367
22648,12172,368
22649,12172,369
22650,12172,370
22651,12172,371
22652,12172,372
22653,12172,373
22654,12172,374
22655,12172,375
22656,12172,376
22657,12172,377
22658,12172,378
22659,12172,379
22660,12172,380
22661,12172,381
22662,12172,382
22663,12172,383
22664,12172,384
22665,12172,385
22666,12172,386
22667,12172,387
22668,12172,388
22669,12172,389
22670,12172,390
22671,12172,391
22672,12172,392
22673,12172,393
22674,12172,394
22675,12172,395
22676,12172,396
22677,12172,397
22678,12172,398
22679,12172,399
22680,12172,400
22681,12172,401
22682,12172,402
22683,12172,403
22684,12172,404
22685,12172,405
22686,12172,406
22687,12172,407
22688,12172,408
22689,12172,409
22690,12172,410
22691,12172,411
22692,12172,412
22693,12172,413
22694,12172,414
22695,12172,415
22696,12172,416
22697,12172,417
22698,12172,418
22699,12172,419
22700,12172,420
22701,12172,421
22702,12172,422
22703,12172,423
22704,12172,424
22705,12172,425
22706,12172,426
22707,12172,427
22708,12172,428
22709,12172,429
22710,12172,430
22711,12172,431
22712,12172,432
22713,12172,433
22714,12172,434
22715,12172,435
22716,12172,436
22717,12172,437
22718,12172,438
22719,12172,439
22720,12172,440
22721,12172,441
22722,12172,442
22723,12172,443
22724,12172,444
22725,12172,445
22726,12172,446
22727,12172,447
22728,12172,448
22729,12172,449
22730,12172,450
22731,12172,451
22732,12172,452
22733,12172,453
22734,12172,454
22735,12172,455
22736,12172,456
22737,12172,457
22738,12172,458
22739,12172,462
22740,12172,463
22741,12172,464
22742,12172,465
22743,12172,466
22744,12172,467
22745,12172,468
22746,12172,469
22747,12172,470
22748,12172,471
22749,12172,472
22750,12172,473
22751,12172,474
22752,12172,475
22753,12172,476
22754,12172,477
22755,12172,478
22756,12172,479
22757,12172,480
22758,12172,481
22759,12172,482
22760,12172,483
22761,12172,484
22762,12172,485
22763,12172,486
22764,12172,487
22765,12172,488
22766,12172,489
22767,12172,490
22768,12172,491
22769,12172,492
22770,12172,493
22771,12172,494
22772,12172,495
22773,12172,496
22774,12172,497
22775,12172,498
22776,12172,499
22777,12172,500
22778,12172,501
22779,12172,502
22780,12172,503
22781,12172,504
22782,12172,505
22783,12172,506
22784,12172,507
22785,12172,508
22786,12172,509
22787,12172,510
22788,12172,511
22789,12172,512
22790,12172,513
22791,12172,514
22792,12172,515
22793,12172,516
22794,12172,517
22795,12172,518
22796,12172,519
22797,12172,520
22798,12172,521
22799,12172,522
22800,12172,523
22801,12172,524
22802,12172,525
22803,12172,526
22804,12172,527
22805,12172,528
22806,12172,529
22807,12172,530
22808,12172,531
22809,12172,532
22810,12172,533
22811,12172,534
22812,12172,535
22813,12172,536
22814,12172,537
22815,12172,538
22816,12172,539
22817,12172,540
22818,12172,541
22819,12172,542
22820,12172,543
22821,12172,544
22822,12172,545
25266,14155,511
25267,14155,510
25268,14155,85
22886,12620,427
22887,12620,556
22888,12620,452
22889,12620,450
22890,12620,557
22891,12620,451
22892,12620,558
22893,12620,534
22894,12620,535
22895,12620,536
22896,12620,537
22897,12620,538
22898,12620,539
22899,12620,540
22900,12620,541
22901,12620,542
22902,12620,560
22903,12620,561
22904,12620,552
22905,12620,553
22906,12620,554
22907,12620,555
22908,12620,428
22909,12620,429
22910,12620,430
22911,12620,559
22912,12620,432
22913,12620,433
22914,12620,562
22915,12620,563
22916,12620,564
22917,12620,565
22918,12620,566
22919,12620,567
22920,12620,568
22921,12620,569
22922,12620,187
22923,12620,188
22924,12620,189
22925,12620,190
22926,12620,191
22927,12620,192
22928,12620,193
22929,12620,194
22930,12620,195
22931,12620,196
22932,12620,197
22933,12620,198
22934,12620,199
22935,12620,200
22936,12620,201
22937,12620,205
22938,12620,206
22939,12620,207
22940,12620,336
22941,12620,334
22942,12620,335
22943,12620,431
22944,12620,423
22945,12620,434
22946,12620,424
22947,12620,425
22948,12620,426
22949,12905,450
22950,12905,451
22951,12905,452
22952,12905,423
22953,12905,424
22954,12905,425
22955,12905,426
22956,12905,427
22957,12905,428
22958,12905,429
22959,12905,430
22960,12905,431
22961,12905,432
22962,12905,433
22963,12905,434
22964,12905,187
22965,12905,188
22966,12905,189
22967,12905,190
22968,12905,191
22969,12905,192
22970,12905,193
22971,12905,194
22972,12905,195
22973,12905,196
22974,12905,197
22975,12905,198
22976,12905,199
22977,12905,200
22978,12905,201
22979,12905,205
22980,12905,206
22981,12905,207
22982,12905,336
22983,12905,334
22984,12905,335
22985,12247,512
22986,12247,513
22987,12247,514
22988,12247,515
22989,12247,486
22990,12247,148
22991,12247,149
22992,12247,150
22993,12247,151
22994,12247,152
22995,12247,153
22996,12247,154
22997,12247,155
22998,12247,156
22999,12247,157
23000,12247,286
23001,12247,287
23002,12247,288
23003,12247,289
23004,12247,290
23005,12247,291
23006,12247,292
23007,12247,293
23008,12247,294
23009,12247,295
23010,12247,296
23011,12247,297
23012,12247,298
23013,12247,299
23014,12247,300
23015,12247,301
23016,12247,302
23017,12247,303
23018,12247,304
23019,12247,305
23020,12247,306
23021,12247,307
23022,12247,308
23023,12247,158
23024,12247,159
23025,12247,309
23026,12247,448
23027,12247,449
23028,12247,161
23029,12247,160
23030,12247,162
23031,12247,462
23032,12247,463
23033,12247,464
23034,12247,163
23035,12247,164
23036,12247,165
23037,12247,353
23038,12247,354
23039,12247,355
23040,12247,356
23041,12247,357
23042,12247,358
23043,12247,487
23044,12247,488
23045,12247,447
23046,12247,510
23047,12247,511
23048,13521,452
23049,13521,450
23050,13521,451
23051,13521,404
23052,13521,405
23053,13521,406
23054,13521,407
23055,13521,408
23056,13521,409
23057,13521,410
23058,13521,411
23059,13521,412
23060,13521,413
23061,13521,414
23062,13521,415
23063,13521,416
23064,13521,454
23065,13521,423
23066,13521,424
23067,13521,425
23068,13521,426
23069,13521,427
23070,13521,428
23071,13521,429
23072,13521,430
23073,13521,431
23074,13521,432
23075,13521,433
23076,13521,434
23077,13521,187
23078,13521,188
23079,13521,189
23080,13521,190
23081,13521,191
23082,13521,192
23083,13521,193
23084,13521,194
23085,13521,195
23086,13521,196
23087,13521,197
23088,13521,198
23089,13521,455
23090,13521,200
23091,13521,201
23092,13521,205
23093,13521,206
23094,13521,207
23095,13521,336
23096,13521,453
23097,13521,334
23098,13521,335
23099,13521,199
23208,13534,640
23209,13534,641
23210,13534,570
23211,13534,571
23212,13534,572
23213,13534,573
23214,13534,574
23215,13534,575
23216,13534,576
23217,13534,577
23218,13534,578
23219,13534,579
23220,13534,580
23221,13534,581
23222,13534,582
23223,13534,583
23224,13534,584
23225,13534,585
23226,13534,586
23227,13534,587
23228,13534,588
23229,13534,589
23230,13534,590
23231,13534,591
23232,13534,592
23233,13534,593
23234,13534,594
23235,13534,595
23236,13534,596
23237,13534,597
23238,13534,598
23239,13534,599
23240,13534,600
23241,13534,601
23242,13534,602
23243,13534,603
23244,13534,604
23245,13534,605
23246,13534,606
23247,13534,607
23248,13534,608
23249,13534,609
23250,13534,610
23251,13534,611
23252,13534,612
23253,13534,613
23254,13534,614
23255,13534,615
23256,13534,616
23257,13534,617
23258,13534,618
23259,13534,619
23260,13534,620
23261,13534,621
23262,13534,622
23263,13534,623
23264,13534,624
23265,13534,625
23266,13534,626
23267,13534,627
23268,13534,628
23269,13534,629
23270,13534,630
23271,13534,631
23272,13534,632
23273,13534,633
23274,13534,634
23275,13534,635
23276,13534,636
23277,13534,637
23278,13534,638
23279,13534,639
23352,13524,512
23353,13524,513
23354,13524,514
23355,13524,515
23356,13524,148
23357,13524,149
23358,13524,150
23359,13524,151
23360,13524,152
23361,13524,153
23362,13524,154
23363,13524,155
23364,13524,156
23365,13524,157
23366,13524,158
23367,13524,159
23368,13524,160
23369,13524,161
23370,13524,162
23371,13524,163
23372,13524,164
23373,13524,165
23374,13524,187
23375,13524,188
23376,13524,189
23377,13524,190
23378,13524,191
23379,13524,192
23380,13524,193
23381,13524,194
23382,13524,195
23383,13524,196
23384,13524,197
23385,13524,198
23386,13524,199
23387,13524,200
23388,13524,201
23389,13524,205
23390,13524,206
23391,13524,207
23392,13524,286
23393,13524,287
23394,13524,288
23395,13524,289
23396,13524,290
23397,13524,291
23398,13524,292
23399,13524,293
23400,13524,294
23401,13524,295
23402,13524,296
23403,13524,297
23404,13524,298
23405,13524,299
23406,13524,300
23407,13524,301
23408,13524,302
23409,13524,303
23410,13524,304
23411,13524,305
23412,13524,306
23413,13524,307
23414,13524,308
23415,13524,309
23416,13524,334
23417,13524,335
23418,13524,336
23419,13524,353
23420,13524,354
23421,13524,355
23422,13524,356
23423,13524,357
23424,13524,358
23425,13524,423
23426,13524,424
23427,13524,425
23428,13524,426
23429,13524,427
23430,13524,428
23431,13524,429
23432,13524,430
23433,13524,431
23434,13524,432
23435,13524,433
23436,13524,434
23437,13524,447
23438,13524,448
23439,13524,449
23440,13524,450
23441,13524,451
23442,13524,452
23443,13524,462
23444,13524,463
23445,13524,464
23446,13524,486
23447,13524,487
23448,13524,488
23449,13524,510
23450,13524,511
23487,13556,512
23488,13556,513
23489,13556,514
23490,13556,515
23491,13556,148
23492,13556,149
23493,13556,150
23494,13556,151
23495,13556,152
23496,13556,153
23497,13556,154
23498,13556,155
23499,13556,156
23500,13556,157
23501,13556,158
23502,13556,159
23503,13556,160
23504,13556,161
23505,13556,162
23506,13556,163
23507,13556,164
23508,13556,165
23509,13556,187
23510,13556,188
23511,13556,189
23512,13556,190
23513,13556,191
23514,13556,192
23515,13556,193
23516,13556,194
23517,13556,195
23518,13556,196
23519,13556,197
23520,13556,198
23521,13556,199
23522,13556,200
23523,13556,201
23524,13556,205
23525,13556,206
23526,13556,207
23527,13556,286
23528,13556,287
23529,13556,288
23530,13556,289
23531,13556,290
23532,13556,291
23533,13556,292
23534,13556,293
23535,13556,294
23536,13556,295
23537,13556,296
23538,13556,297
23539,13556,298
23540,13556,299
23541,13556,300
23542,13556,301
23543,13556,302
23544,13556,303
23545,13556,304
23546,13556,305
23547,13556,306
23548,13556,307
23549,13556,308
23550,13556,309
23551,13556,334
23552,13556,335
23553,13556,336
23554,13556,353
23555,13556,354
23556,13556,355
23557,13556,356
23558,13556,357
23559,13556,358
23560,13556,423
23561,13556,424
23562,13556,425
23563,13556,426
23564,13556,427
23565,13556,428
23566,13556,429
23567,13556,430
23568,13556,431
23569,13556,432
23570,13556,433
23571,13556,434
23572,13556,447
23573,13556,448
23574,13556,449
23575,13556,450
23576,13556,451
23577,13556,452
23578,13556,462
23579,13556,463
23580,13556,464
23581,13556,486
23582,13556,487
23583,13556,488
23584,13556,510
23585,13556,511
23586,13578,640
23587,13578,641
23588,13578,570
23589,13578,571
23590,13578,572
23591,13578,573
23592,13578,574
23593,13578,575
23594,13578,576
23595,13578,577
23596,13578,578
23597,13578,579
23598,13578,580
23599,13578,581
23600,13578,582
23601,13578,583
23602,13578,584
23603,13578,585
23604,13578,586
23605,13578,587
23606,13578,588
23607,13578,589
23608,13578,590
23609,13578,591
23610,13578,592
23611,13578,593
23612,13578,594
23613,13578,595
23614,13578,596
23615,13578,597
23616,13578,598
23617,13578,599
23618,13578,600
23619,13578,601
23620,13578,602
23621,13578,603
23622,13578,604
23623,13578,605
23624,13578,606
23625,13578,607
23626,13578,608
23627,13578,609
23628,13578,610
23629,13578,611
23630,13578,612
23631,13578,613
23632,13578,614
23633,13578,615
23634,13578,616
23635,13578,617
23636,13578,618
23637,13578,619
23638,13578,620
23639,13578,621
23640,13578,622
23641,13578,623
23642,13578,624
23643,13578,625
23644,13578,626
23645,13578,627
23646,13578,628
23647,13578,629
23648,13578,630
23649,13578,631
23650,13578,632
23651,13578,633
23652,13578,634
23653,13578,635
23654,13578,636
23655,13578,637
23656,13578,638
23657,13578,639
23694,13579,450
23695,13579,451
23696,13579,452
23697,13579,423
23698,13579,424
23699,13579,425
23700,13579,426
23701,13579,427
23702,13579,428
23703,13579,429
23704,13579,430
23705,13579,431
23706,13579,432
23707,13579,433
23708,13579,434
23709,13579,187
23710,13579,188
23711,13579,189
23712,13579,190
23713,13579,191
23714,13579,192
23715,13579,193
23716,13579,194
23717,13579,195
23718,13579,196
23719,13579,197
23720,13579,198
23721,13579,199
23722,13579,200
23723,13579,201
23724,13579,205
23725,13579,206
23726,13579,207
23727,13579,336
23728,13579,334
23729,13579,335
23730,11203,1
23731,11203,2
23732,11203,3
23733,11203,4
23734,11203,5
23735,11203,6
23736,11203,7
23737,11203,8
23738,11203,9
23739,11203,13
23740,11203,14
23741,11203,15
23742,11203,16
23743,11203,17
23744,11203,18
23745,11203,19
23746,11203,20
23747,11203,21
23748,11203,22
23749,11203,23
23750,11203,24
23751,11203,25
23752,11203,26
23753,11203,27
23754,11203,28
23755,11203,29
23756,11203,30
23757,11203,31
23758,11203,32
23759,11203,33
23760,11203,34
23761,11203,35
23762,11203,36
23763,11203,37
23764,11203,38
23765,11203,39
23766,11203,40
23767,11203,41
23768,11203,42
23769,11203,43
23770,11203,44
23771,11203,45
23772,11203,46
23773,11203,47
23774,11203,48
23775,11203,49
23776,11203,50
23777,11203,51
23778,11203,52
23779,11203,53
23780,11203,54
23781,11203,55
23782,11203,56
23783,11203,57
23784,11203,58
23785,11203,59
23786,11203,60
23787,11203,61
23788,11203,62
23789,11203,63
23790,11203,64
23791,11203,65
23792,11203,66
23793,11203,67
23794,11203,68
23795,11203,69
23796,11203,70
23797,11203,71
23798,11203,72
23799,11203,73
23800,11203,74
23801,11203,75
23802,11203,76
23803,11203,77
23804,11203,78
23805,11203,79
23806,11203,80
23807,11203,81
23808,11203,82
23809,11203,83
23810,11203,84
23811,11203,85
23812,11203,86
23813,11203,87
23814,11203,88
23815,11203,89
23816,11203,90
23817,11203,91
23818,11203,92
23819,11203,93
23820,11203,94
23821,11203,95
23822,11203,96
23823,11203,97
23824,11203,98
23825,11203,99
23826,11203,100
23827,11203,101
23828,11203,102
23829,11203,103
23830,11203,104
23831,11203,105
23832,11203,106
23833,11203,107
23834,11203,108
23835,11203,109
23836,11203,110
23837,11203,111
23838,11203,115
23839,11203,116
23840,11203,117
23841,11203,118
23842,11203,119
23843,11203,120
23844,11203,124
23845,11203,125
23846,11203,126
23847,11203,127
23848,11203,128
23849,11203,129
23850,11203,130
23851,11203,131
23852,11203,132
23853,11203,133
23854,11203,134
23855,11203,135
23856,11203,136
23857,11203,137
23858,11203,138
23859,11203,139
23860,11203,140
23861,11203,141
23862,11203,148
23863,11203,149
23864,11203,150
23865,11203,151
23866,11203,152
23867,11203,153
23868,11203,154
23869,11203,155
23870,11203,156
23871,11203,157
23872,11203,158
23873,11203,159
23874,11203,160
23875,11203,161
23876,11203,162
23877,11203,163
23878,11203,164
23879,11203,165
23880,11203,166
23881,11203,167
23882,11203,168
23883,11203,169
23884,11203,170
23885,11203,171
23886,11203,172
23887,11203,173
23888,11203,174
23889,11203,175
23890,11203,176
23891,11203,177
23892,11203,178
23893,11203,179
23894,11203,180
23895,11203,181
23896,11203,182
23897,11203,183
23898,11203,184
23899,11203,185
23900,11203,186
23901,11203,187
23902,11203,188
23903,11203,189
23904,11203,190
23905,11203,191
23906,11203,192
23907,11203,193
23908,11203,194
23909,11203,195
23910,11203,196
23911,11203,197
23912,11203,198
23913,11203,199
23914,11203,200
23915,11203,201
23916,11203,205
23917,11203,206
23918,11203,207
23919,11203,208
23920,11203,209
23921,11203,210
23922,11203,211
23923,11203,212
23924,11203,213
23925,11203,214
23926,11203,215
23927,11203,216
23928,11203,217
23929,11203,218
23930,11203,219
23931,11203,220
23932,11203,221
23933,11203,222
23934,11203,223
23935,11203,224
23936,11203,225
23937,11203,226
23938,11203,227
23939,11203,228
23940,11203,229
23941,11203,230
23942,11203,231
23943,11203,232
23944,11203,233
23945,11203,234
23946,11203,235
23947,11203,236
23948,11203,237
23949,11203,238
23950,11203,239
23951,11203,240
23952,11203,241
23953,11203,242
23954,11203,243
23955,11203,244
23956,11203,245
23957,11203,246
23958,11203,247
23959,11203,248
23960,11203,249
23961,11203,250
23962,11203,251
23963,11203,252
23964,11203,256
23965,11203,257
23966,11203,258
23967,11203,259
23968,11203,260
23969,11203,261
23970,11203,262
23971,11203,263
23972,11203,264
23973,11203,265
23974,11203,266
23975,11203,267
23976,11203,268
23977,11203,269
23978,11203,270
23979,11203,271
23980,11203,272
23981,11203,273
23982,11203,274
23983,11203,275
23984,11203,276
23985,11203,277
23986,11203,278
23987,11203,279
23988,11203,286
23989,11203,287
23990,11203,288
23991,11203,289
23992,11203,290
23993,11203,291
23994,11203,292
23995,11203,293
23996,11203,294
23997,11203,295
23998,11203,296
23999,11203,297
24000,11203,298
24001,11203,299
24002,11203,300
24003,11203,301
24004,11203,302
24005,11203,303
24006,11203,304
24007,11203,305
24008,11203,306
24009,11203,307
24010,11203,308
24011,11203,309
24012,11203,310
24013,11203,311
24014,11203,312
24015,11203,313
24016,11203,314
24017,11203,315
24018,11203,316
24019,11203,317
24020,11203,318
24021,11203,319
24022,11203,320
24023,11203,321
24024,11203,322
24025,11203,323
24026,11203,324
24027,11203,325
24028,11203,326
24029,11203,327
24030,11203,328
24031,11203,329
24032,11203,330
24033,11203,331
24034,11203,332
24035,11203,333
24036,11203,334
24037,11203,335
24038,11203,336
24039,11203,337
24040,11203,338
24041,11203,339
24042,11203,340
24043,11203,341
24044,11203,342
24045,11203,343
24046,11203,344
24047,11203,345
24048,11203,346
24049,11203,350
24050,11203,351
24051,11203,352
24052,11203,353
24053,11203,354
24054,11203,355
24055,11203,356
24056,11203,357
24057,11203,358
24058,11203,359
24059,11203,360
24060,11203,361
24061,11203,362
24062,11203,363
24063,11203,364
24064,11203,365
24065,11203,366
24066,11203,367
24067,11203,368
24068,11203,369
24069,11203,370
24070,11203,371
24071,11203,372
24072,11203,373
24073,11203,374
24074,11203,375
24075,11203,376
24076,11203,377
24077,11203,378
24078,11203,379
24079,11203,380
24080,11203,381
24081,11203,382
24082,11203,383
24083,11203,384
24084,11203,385
24085,11203,386
24086,11203,387
24087,11203,388
24088,11203,389
24089,11203,390
24090,11203,391
24091,11203,392
24092,11203,393
24093,11203,394
24094,11203,395
24095,11203,396
24096,11203,397
24097,11203,398
24098,11203,399
24099,11203,400
24100,11203,401
24101,11203,402
24102,11203,403
24103,11203,404
24104,11203,405
24105,11203,406
24106,11203,407
24107,11203,408
24108,11203,409
24109,11203,410
24110,11203,411
24111,11203,412
24112,11203,413
24113,11203,414
24114,11203,415
24115,11203,416
24116,11203,417
24117,11203,418
24118,11203,419
24119,11203,420
24120,11203,421
24121,11203,422
24122,11203,423
24123,11203,424
24124,11203,425
24125,11203,426
24126,11203,427
24127,11203,428
24128,11203,429
24129,11203,430
24130,11203,431
24131,11203,432
24132,11203,433
24133,11203,434
24134,11203,435
24135,11203,436
24136,11203,437
24137,11203,438
24138,11203,439
24139,11203,440
24140,11203,441
24141,11203,442
24142,11203,443
24143,11203,444
24144,11203,445
24145,11203,446
24146,11203,447
24147,11203,448
24148,11203,449
24149,11203,450
24150,11203,451
24151,11203,452
24152,11203,453
24153,11203,454
24154,11203,455
24155,11203,456
24156,11203,457
24157,11203,458
24158,11203,459
24159,11203,460
24160,11203,461
24161,11203,462
24162,11203,463
24163,11203,464
24164,11203,465
24165,11203,466
24166,11203,467
24167,11203,468
24168,11203,469
24169,11203,470
24170,11203,471
24171,11203,472
24172,11203,473
24173,11203,474
24174,11203,475
24175,11203,476
24176,11203,477
24177,11203,478
24178,11203,479
24179,11203,480
24180,11203,481
24181,11203,482
24182,11203,483
24183,11203,484
24184,11203,485
24185,11203,486
24186,11203,487
24187,11203,488
24188,11203,489
24189,11203,490
24190,11203,491
24191,11203,492
24192,11203,493
24193,11203,494
24194,11203,495
24195,11203,496
24196,11203,497
24197,11203,498
24198,11203,499
24199,11203,500
24200,11203,501
24201,11203,502
24202,11203,503
24203,11203,504
24204,11203,505
24205,11203,506
24206,11203,507
24207,11203,508
24208,11203,509
24209,11203,510
24210,11203,511
24211,11203,512
24212,11203,513
24213,11203,514
24214,11203,515
24215,11203,516
24216,11203,517
24217,11203,518
24218,11203,519
24219,11203,520
24220,11203,521
24221,11203,522
24222,11203,523
24223,11203,524
24224,11203,525
24225,11203,526
24226,11203,527
24227,11203,528
24228,11203,529
24229,11203,530
24230,11203,531
24231,11203,532
24232,11203,533
24233,11203,534
24234,11203,535
24235,11203,536
24236,11203,537
24237,11203,538
24238,11203,539
24239,11203,540
24240,11203,541
24241,11203,542
24242,11203,543
24243,11203,544
24244,11203,545
24245,11203,546
24246,11203,547
24247,11203,548
24248,11203,549
24249,11203,550
24250,11203,551
24251,11203,552
24252,11203,553
24253,11203,554
24254,11203,555
24255,11203,556
24256,11203,557
24257,11203,558
24258,11203,559
24259,11203,560
24260,11203,561
24261,11203,562
24262,11203,563
24263,11203,564
24264,11203,565
24265,11203,566
24266,11203,567
24267,11203,568
24268,11203,569
24269,11203,570
24270,11203,571
24271,11203,572
24272,11203,573
24273,11203,574
24274,11203,575
24275,11203,576
24276,11203,577
24277,11203,578
24278,11203,579
24279,11203,580
24280,11203,581
24281,11203,582
24282,11203,583
24283,11203,584
24284,11203,585
24285,11203,586
24286,11203,587
24287,11203,588
24288,11203,589
24289,11203,590
24290,11203,591
24291,11203,592
24292,11203,593
24293,11203,594
24294,11203,595
24295,11203,596
24296,11203,597
24297,11203,598
24298,11203,599
24299,11203,600
24300,11203,601
24301,11203,602
24302,11203,603
24303,11203,604
24304,11203,605
24305,11203,606
24306,11203,607
24307,11203,608
24308,11203,609
24309,11203,610
24310,11203,611
24311,11203,612
24312,11203,613
24313,11203,614
24314,11203,615
24315,11203,616
24316,11203,617
24317,11203,618
24318,11203,619
24319,11203,620
24320,11203,621
24321,11203,622
24322,11203,623
24323,11203,624
24324,11203,625
24325,11203,626
24326,11203,627
24327,11203,628
24328,11203,629
24329,11203,630
24330,11203,631
24331,11203,632
24332,11203,633
24333,11203,634
24334,11203,635
24335,11203,636
24336,11203,637
24337,11203,638
24338,11203,639
24339,11203,640
24340,11203,641
25283,1427,456
25284,1427,457
25285,1427,458
25286,16012,416
25287,16012,410
25288,16012,414
25289,16012,415
25290,16011,148
25291,16011,149
25292,16011,150
25293,16011,151
25294,16011,152
25295,16011,153
25296,16011,154
25297,16011,155
25298,16011,156
25299,16011,157
25300,16011,286
25301,16011,287
25302,16011,416
25303,16011,289
25304,16011,290
25305,16011,291
25306,16011,292
25307,16011,293
25308,16011,294
25309,16011,295
25310,16011,296
25311,16011,297
25312,16011,298
25313,16011,299
25314,16011,300
25315,16011,301
25316,16011,302
25317,16011,303
25318,16011,158
25319,16011,415
25320,16011,288
25321,16011,462
25322,16011,463
25323,16011,464
25324,16011,159
25325,16011,486
25326,16011,487
25327,16011,488
25328,16011,414
25341,15610,410
25357,16016,416
25358,16016,410
25359,16016,53
25360,16016,414
25361,16016,415
